,OBJECTID,ACCIDENT_NO,ABS_CODE,ACCIDENT_STATUS,ACCIDENT_DATE,ACCIDENT_TIME,ALCOHOLTIME,ACCIDENT_TYPE,DAY_OF_WEEK,DCA_CODE,HIT_RUN_FLAG,LIGHT_CONDITION,POLICE_ATTEND,ROAD_GEOMETRY,SEVERITY,SPEED_ZONE,RUN_OFFROAD,NODE_ID,LONGITUDE,LATITUDE,NODE_TYPE,LGA_NAME,REGION_NAME,VICGRID_X,VICGRID_Y,TOTAL_PERSONS,INJ_OR_FATAL,FATALITY,SERIOUSINJURY,OTHERINJURY,NONINJURED,MALES,FEMALES,BICYCLIST,PASSENGER,DRIVER,PEDESTRIAN,PILLION,MOTORIST,UNKNOWN,PED_CYCLIST_5_12,PED_CYCLIST_13_18,OLD_PEDESTRIAN,OLD_DRIVER,YOUNG_DRIVER,ALCOHOL_RELATED,UNLICENCSED,NO_OF_VEHICLES,HEAVYVEHICLE,PASSENGERVEHICLE,MOTORCYCLE,PUBLICVEHICLE,DEG_URBAN_NAME,DEG_URBAN_ALL,LGA_NAME_ALL,REGION_NAME_ALL,SRNS,SRNS_ALL,RMA,RMA_ALL,DIVIDED,DIVIDED_ALL,STAT_DIV_NAME
3963,3405707.0,T20130023106,ABS to receive accident,Finished,6/11/2013,04.15.00,Yes,Collision with a fixed object,Wednesday,LEFT OFF CARRIAGEWAY INTO OBJECT/PARKED VEHICLE,No,Dark Street lights on,Yes,T intersection,Other injury accident,60 km/hr,Yes,275497.0,144.34269,-38.19356,Intersection,GEELONG,SOUTH WESTERN REGION,2442415.255,2367339.53,2.0,1.0,0.0,0.0,1.0,1.0,0.0,2.0,0.0,1.0,1.0,0.0,0.0,0.0,0.0,0.0,0.0,0.0,0.0,0.0,No,1.0,1.0,0.0,1.0,0.0,0.0,LARGE_PROVINCIAL_CITIES,LARGE_PROVINCIAL_CITIES,GEELONG,SOUTH WESTERN REGION,B,B,Arterial Highway,"Arterial Highway,Local Road",Divided,"Undiv,Div",Country
3977,3405721.0,T20130023554,ABS to receive accident,Finished,13/11/2013,19.55.00,Yes,Collision with vehicle,Wednesday,CUTTING IN (OVERTAKING),Yes,Dusk/Dawn,Yes,Not at intersection,Serious injury accident,100 km/hr,No,273636.0,144.62186,-38.179390000000005,Non-Intersection,GEELONG,SOUTH WESTERN REGION,2466866.228,2369045.938,3.0,2.0,0.0,1.0,1.0,1.0,2.0,1.0,0.0,0.0,0.0,0.0,1.0,1.0,1.0,0.0,0.0,0.0,0.0,0.0,No,0.0,2.0,0.0,0.0,1.0,0.0,RURAL_VICTORIA,RURAL_VICTORIA,GEELONG,SOUTH WESTERN REGION,C,C,Arterial Other,Arterial Other,Undivided,Undiv,Country
4044,3405788.0,T20130021164,ABS to receive accident,Finished,13/10/2013,11.55.00,No,Struck Pedestrian,Sunday,PED NEAR SIDE. PED HIT BY VEHICLE FROM THE RIGHT.,No,Day,Yes,Cross intersection,Other injury accident,70 km/hr,No,44444.0,144.3528,-38.12316,Intersection,GEELONG,SOUTH WESTERN REGION,2443248.315,2375160.4930000002,4.0,1.0,0.0,0.0,1.0,3.0,0.0,4.0,0.0,2.0,1.0,1.0,0.0,0.0,0.0,0.0,0.0,0.0,0.0,0.0,No,0.0,1.0,0.0,1.0,0.0,0.0,LARGE_PROVINCIAL_CITIES,LARGE_PROVINCIAL_CITIES,GEELONG,SOUTH WESTERN REGION,A,A,Arterial Highway,"Arterial Highway,Local Road",Divided,"Div,Undiv",Country
4156,3405900.0,T20130021618,ABS to receive accident,Finished,19/10/2013,11.50.00,No,Collision with vehicle,Saturday,RIGHT REAR.,No,Day,Yes,Cross intersection,Other injury accident,60 km/hr,No,49953.0,144.32027,-38.149409999999996,Intersection,GEELONG,SOUTH WESTERN REGION,2440416.747,2372226.67,6.0,1.0,0.0,0.0,1.0,5.0,4.0,2.0,0.0,2.0,4.0,0.0,0.0,0.0,0.0,0.0,0.0,0.0,0.0,0.0,No,0.0,4.0,0.0,4.0,0.0,0.0,LARGE_PROVINCIAL_CITIES,LARGE_PROVINCIAL_CITIES,GEELONG,SOUTH WESTERN REGION,C,C,Arterial Other,"Arterial Other,Local Road",Undivided,Undiv,Country
4229,3405973.0,T20130022078,ABS to receive accident,Finished,26/10/2013,07.04.00,Yes,Collision with a fixed object,Saturday,LEFT OFF CARRIAGEWAY INTO OBJECT/PARKED VEHICLE,No,Day,Yes,Not at intersection,Serious injury accident,60 km/hr,Yes,264145.0,144.33364,-38.15513,Non-Intersection,GEELONG,SOUTH WESTERN REGION,2441593.002,2371600.238,1.0,1.0,0.0,1.0,0.0,0.0,1.0,0.0,0.0,0.0,1.0,0.0,0.0,0.0,0.0,0.0,0.0,0.0,0.0,0.0,No,0.0,1.0,0.0,1.0,0.0,0.0,LARGE_PROVINCIAL_CITIES,LARGE_PROVINCIAL_CITIES,GEELONG,SOUTH WESTERN REGION,C,C,Arterial Other,Arterial Other,Undivided,Undiv,Country
4248,3405992.0,T20130021257,ABS to receive accident,Finished,18/9/2013,08.50.00,No,Collision with vehicle,Wednesday,REAR END(VEHICLES IN SAME LANE),No,Day,No,T intersection,Other injury accident,80 km/hr,No,10893.0,144.38137,-38.06499,Intersection,GEELONG,SOUTH WESTERN REGION,2445711.219,2381634.029,2.0,1.0,0.0,0.0,1.0,1.0,1.0,1.0,0.0,0.0,2.0,0.0,0.0,0.0,0.0,0.0,0.0,0.0,0.0,1.0,No,0.0,2.0,0.0,2.0,0.0,0.0,LARGE_PROVINCIAL_CITIES,LARGE_PROVINCIAL_CITIES,GEELONG,SOUTH WESTERN REGION,A,A,Arterial Highway,"Arterial Highway,Local Road",Divided,"Div,Undiv",Country
4269,3406013.0,T20130021684,ABS to receive accident,Finished,20/10/2013,13.15.00,No,Collision with vehicle,Sunday,LANE SIDE SWIPE (VEHICLES IN PARALLEL LANES),No,Day,Yes,Not at intersection,Serious injury accident,100 km/hr,No,264133.0,144.42807,-38.03153,Non-Intersection,GEELONG,SOUTH WESTERN REGION,2449787.152,2385373.8819999998,2.0,1.0,0.0,1.0,0.0,1.0,0.0,1.0,1.0,0.0,0.0,0.0,0.0,0.0,1.0,0.0,0.0,0.0,0.0,0.0,No,0.0,2.0,0.0,0.0,0.0,0.0,SMALL_CITIES,SMALL_CITIES,GEELONG,SOUTH WESTERN REGION,M,M,Freeway,Freeway,Divided,Div,Country
4274,3406018.0,T20130020454,ABS to receive accident,Finished,3/10/2013,17.00.00,No,Collision with vehicle,Thursday,REAR END(VEHICLES IN SAME LANE),No,Day,Yes,T intersection,Other injury accident,60 km/hr,No,49729.0,144.33468,-38.09442,Intersection,GEELONG,SOUTH WESTERN REGION,2441636.943,2378339.453,2.0,1.0,0.0,0.0,1.0,1.0,1.0,1.0,0.0,0.0,2.0,0.0,0.0,0.0,0.0,0.0,0.0,0.0,0.0,0.0,No,0.0,2.0,0.0,2.0,0.0,0.0,LARGE_PROVINCIAL_CITIES,LARGE_PROVINCIAL_CITIES,GEELONG,SOUTH WESTERN REGION,C,C,Arterial Other,"Arterial Other,Local Road",Undivided,Undiv,Country
4316,3406060.0,T20130021698,ABS to receive accident,Finished,12/8/2013,10.00.00,No,Collision with vehicle,Monday,REAR END(VEHICLES IN SAME LANE),No,Day,Yes,Not at intersection,Other injury accident,60 km/hr,No,264007.0,144.34248,-38.19465,Non-Intersection,GEELONG,SOUTH WESTERN REGION,2442397.716,2367218.8230000003,3.0,1.0,0.0,0.0,1.0,2.0,1.0,2.0,0.0,0.0,3.0,0.0,0.0,0.0,0.0,0.0,0.0,0.0,0.0,1.0,No,0.0,3.0,0.0,3.0,0.0,0.0,LARGE_PROVINCIAL_CITIES,LARGE_PROVINCIAL_CITIES,GEELONG,SOUTH WESTERN REGION,B,B,Arterial Highway,Arterial Highway,Divided,Div,Country
4325,3406069.0,T20130020480,ABS to receive accident,Finished,4/10/2013,14.34.00,No,Collision with vehicle,Friday,CROSS TRAFFIC(INTERSECTIONS ONLY),No,Day,Yes,Cross intersection,Serious injury accident,60 km/hr,No,50066.0,144.35913,-38.163109999999996,Intersection,GEELONG,SOUTH WESTERN REGION,2443833.326,2370729.41,4.0,3.0,0.0,1.0,2.0,1.0,1.0,3.0,0.0,2.0,2.0,0.0,0.0,0.0,0.0,0.0,0.0,0.0,0.0,0.0,No,0.0,2.0,0.0,2.0,0.0,0.0,LARGE_PROVINCIAL_CITIES,LARGE_PROVINCIAL_CITIES,GEELONG,SOUTH WESTERN REGION,C,C,Arterial Other,"Arterial Other,Local Road",Undivided,Undiv,Country
4366,3406110.0,T20130021717,ABS to receive accident,Finished,21/10/2013,03.15.00,Yes,Vehicle overturned (no collision),Monday,OUT OF CONTROL ON CARRIAGEWAY (ON STRAIGHT),No,Dark No street lights,Yes,Cross intersection,Serious injury accident,60 km/hr,No,49703.0,144.37442,-38.086090000000006,Intersection,GEELONG,SOUTH WESTERN REGION,2445116.749,2379288.062,1.0,1.0,0.0,1.0,0.0,0.0,1.0,0.0,0.0,0.0,1.0,0.0,0.0,0.0,0.0,0.0,0.0,0.0,0.0,0.0,No,0.0,1.0,1.0,0.0,0.0,0.0,LARGE_PROVINCIAL_CITIES,LARGE_PROVINCIAL_CITIES,GEELONG,SOUTH WESTERN REGION,C,C,Arterial Other,"Arterial Other,Local Road",Undivided,Undiv,Country
4464,3406208.0,T20130021380,ABS to receive accident,Finished,16/10/2013,11.40.00,No,Collision with vehicle,Wednesday,RIGHT THROUGH,No,Day,Yes,T intersection,Serious injury accident,60 km/hr,No,49689.0,144.34654,-38.0826,Intersection,GEELONG,SOUTH WESTERN REGION,2442668.6459999997,2379658.97,2.0,1.0,0.0,1.0,0.0,1.0,2.0,0.0,0.0,0.0,1.0,0.0,0.0,1.0,0.0,0.0,0.0,0.0,0.0,1.0,No,0.0,2.0,0.0,1.0,1.0,0.0,LARGE_PROVINCIAL_CITIES,LARGE_PROVINCIAL_CITIES,GEELONG,SOUTH WESTERN REGION,C,C,Arterial Other,"Arterial Other,Local Road",Divided,"Div,Undiv",Country
4515,3406259.0,T20130021401,ABS to receive accident,Finished,16/10/2013,14.34.00,No,Collision with vehicle,Wednesday,PULLING OUT (OVERTAKING),No,Day,Yes,Not at intersection,Other injury accident,100 km/hr,No,264707.0,144.64112,-38.18165,Non-Intersection,GEELONG,SOUTH WESTERN REGION,2468554.815,2368801.817,2.0,1.0,0.0,0.0,1.0,1.0,1.0,1.0,0.0,0.0,2.0,0.0,0.0,0.0,0.0,0.0,0.0,0.0,0.0,0.0,No,0.0,2.0,0.0,2.0,0.0,0.0,RURAL_VICTORIA,RURAL_VICTORIA,GEELONG,SOUTH WESTERN REGION,C,C,Arterial Other,Arterial Other,Undivided,Undiv,Country
4661,3406405.0,T20130021059,ABS to receive accident,Finished,12/10/2013,06.10.00,Yes,Collision with vehicle,Saturday,VEHICLE COLLIDES WITH VEHICLE PARKED ON LEFT OF ROAD,No,Unk.,Yes,T intersection,Other injury accident,60 km/hr,No,264703.0,144.36191000000002,-38.15457,Intersection,GEELONG,SOUTH WESTERN REGION,2444069.998,2371679.648,1.0,1.0,0.0,0.0,1.0,0.0,1.0,0.0,0.0,0.0,1.0,0.0,0.0,0.0,0.0,0.0,0.0,0.0,0.0,1.0,No,0.0,3.0,0.0,3.0,0.0,0.0,LARGE_PROVINCIAL_CITIES,LARGE_PROVINCIAL_CITIES,GEELONG,SOUTH WESTERN REGION,B,B,Arterial Highway,"Arterial Highway,Local Road",Divided,"Div,Undiv",Country
4704,3406448.0,T20130021063,ABS to receive accident,Finished,11/10/2013,16.00.00,Yes,Collision with vehicle,Friday,VEHICLE OFF FOOTPATH STRIKES VEH ON CARRIAGEWAY,No,Day,No,T intersection,Other injury accident,70 km/hr,No,239030.0,144.34201000000002,-38.19699,Intersection,GEELONG,SOUTH WESTERN REGION,2442359.127,2366958.673,2.0,1.0,0.0,0.0,1.0,1.0,1.0,0.0,1.0,0.0,0.0,0.0,0.0,0.0,1.0,0.0,1.0,0.0,0.0,0.0,No,0.0,2.0,0.0,0.0,0.0,0.0,LARGE_PROVINCIAL_CITIES,LARGE_PROVINCIAL_CITIES,GEELONG,SOUTH WESTERN REGION,B,B,Arterial Highway,"Arterial Highway,Local Road",Divided,"Div,Undiv",Country
4722,3406466.0,T20130021497,ABS to receive accident,Finished,17/10/2013,15.30.00,No,Collision with vehicle,Thursday,REAR END(VEHICLES IN SAME LANE),No,Day,Yes,T intersection,Serious injury accident,70 km/hr,No,50254.0,144.5444,-38.21295,Intersection,GEELONG,SOUTH WESTERN REGION,2460096.481,2365290.5609999998,5.0,2.0,0.0,1.0,1.0,3.0,2.0,3.0,0.0,3.0,2.0,0.0,0.0,0.0,0.0,0.0,0.0,0.0,0.0,0.0,No,0.0,2.0,0.0,2.0,0.0,0.0,RURAL_VICTORIA,RURAL_VICTORIA,GEELONG,SOUTH WESTERN REGION,C,C,Arterial Other,"Arterial Other,Local Road",Undivided,Undiv,Country
4801,3406545.0,T20130020744,ABS to receive accident,Finished,8/10/2013,12.17.00,No,Collision with vehicle,Tuesday,REAR END(VEHICLES IN SAME LANE),No,Day,Yes,Not at intersection,Other injury accident,70 km/hr,No,265086.0,144.35096000000001,-38.13221,Non-Intersection,GEELONG,SOUTH WESTERN REGION,2443093.79,2374154.895,2.0,1.0,0.0,0.0,1.0,1.0,2.0,0.0,0.0,0.0,2.0,0.0,0.0,0.0,0.0,0.0,0.0,0.0,1.0,0.0,No,0.0,2.0,0.0,2.0,0.0,0.0,LARGE_PROVINCIAL_CITIES,LARGE_PROVINCIAL_CITIES,GEELONG,SOUTH WESTERN REGION,A,A,Arterial Highway,Arterial Highway,Divided,Div,Country
4856,3406600.0,T20130026719,ABS to receive accident,Finished,25/12/2013,12.00.00,No,Collision with a fixed object,Wednesday,OFF RIGHT BEND INTO OBJECT/PARKED VEHICLE,No,Day,Yes,Not at intersection,Serious injury accident,60 km/hr,Yes,269679.0,144.55515,-38.179759999999995,Non-Intersection,GEELONG,SOUTH WESTERN REGION,2461021.11,2368979.516,1.0,1.0,0.0,1.0,0.0,0.0,0.0,1.0,0.0,0.0,1.0,0.0,0.0,0.0,0.0,0.0,0.0,0.0,0.0,0.0,No,0.0,1.0,0.0,1.0,0.0,0.0,RURAL_VICTORIA,RURAL_VICTORIA,GEELONG,SOUTH WESTERN REGION,C,C,Arterial Other,Arterial Other,Undivided,Undiv,Country
4891,3406635.0,T20130026290,ABS to receive accident,Finished,20/12/2013,19.08.00,Yes,Collision with vehicle,Friday,CROSS TRAFFIC(INTERSECTIONS ONLY),Yes,Day,Yes,Cross intersection,Serious injury accident,60 km/hr,No,15392.0,144.32015,-38.12832,Intersection,GEELONG,SOUTH WESTERN REGION,2440389.22,2374568.1459999997,3.0,2.0,0.0,2.0,0.0,1.0,2.0,1.0,0.0,1.0,2.0,0.0,0.0,0.0,0.0,0.0,0.0,0.0,1.0,1.0,No,0.0,2.0,0.0,2.0,0.0,0.0,LARGE_PROVINCIAL_CITIES,LARGE_PROVINCIAL_CITIES,GEELONG,SOUTH WESTERN REGION,C,C,Arterial Other,"Arterial Other,Local Road",Undivided,Undiv,Country
4914,3406658.0,T20130025531,ABS to receive accident,Finished,8/12/2013,10.30.00,No,No collision and no object struck,Sunday,OTHER ACCIDENTS NOT CLASSIFIABLE ELSEWHERE,No,Day,No,T intersection,Other injury accident,Not known,No,72430.0,144.47096000000002,-38.175779999999996,Intersection,GEELONG,SOUTH WESTERN REGION,2453641.921,2369383.77,1.0,1.0,0.0,0.0,1.0,0.0,1.0,0.0,0.0,0.0,0.0,0.0,0.0,1.0,0.0,0.0,0.0,0.0,0.0,0.0,No,0.0,1.0,0.0,0.0,1.0,0.0,RURAL_VICTORIA,RURAL_VICTORIA,GEELONG,SOUTH WESTERN REGION,C,C,Arterial Other,"Arterial Other,Local Road",Divided,"Div,Undiv",Country
5028,3406772.0,T20130025942,ABS to receive accident,Finished,11/12/2013,12.20.00,No,Collision with vehicle,Wednesday,VEHICLE STRIKES ANOTHER VEH WHILE EMERGING FROM DRIVEWAY,Yes,Day,No,Not at intersection,Other injury accident,70 km/hr,No,272874.0,144.33459,-38.1211,Non-Intersection,GEELONG,SOUTH WESTERN REGION,2441649.702,2375378.12,2.0,1.0,0.0,0.0,1.0,1.0,2.0,0.0,1.0,0.0,1.0,0.0,0.0,0.0,0.0,0.0,0.0,0.0,1.0,0.0,No,0.0,2.0,0.0,1.0,0.0,0.0,LARGE_PROVINCIAL_CITIES,LARGE_PROVINCIAL_CITIES,GEELONG,SOUTH WESTERN REGION,A,A,Arterial Highway,Arterial Highway,Divided,Div,Country
5040,3406784.0,T20130026358,ABS to receive accident,Finished,21/12/2013,23.00.00,Yes,Collision with vehicle,Saturday,RIGHT THROUGH,No,Dark Street lights on,Yes,Cross intersection,Serious injury accident,70 km/hr,No,49826.0,144.33933000000002,-38.126870000000004,Intersection,GEELONG,SOUTH WESTERN REGION,2442069.495,2374740.625,4.0,3.0,0.0,3.0,0.0,1.0,2.0,2.0,0.0,2.0,2.0,0.0,0.0,0.0,0.0,0.0,0.0,0.0,0.0,1.0,No,0.0,2.0,0.0,2.0,0.0,0.0,LARGE_PROVINCIAL_CITIES,LARGE_PROVINCIAL_CITIES,GEELONG,SOUTH WESTERN REGION,A,"A,C",Arterial Highway,"Arterial Highway,Arterial Other",Divided,"Div,Undiv",Country
5047,3406791.0,T20130026375,ABS to receive accident,Finished,22/12/2013,10.10.00,No,Collision with a fixed object,Sunday,RIGHT OFF CARRIAGEWAY INTO OBJECT/PARKED VEHICLE,No,Day,Yes,T intersection,Other injury accident,60 km/hr,Yes,72720.0,144.33347,-38.20217,Intersection,GEELONG,SOUTH WESTERN REGION,2441614.599,2366378.641,1.0,1.0,0.0,0.0,1.0,0.0,0.0,1.0,0.0,0.0,1.0,0.0,0.0,0.0,0.0,0.0,0.0,0.0,0.0,1.0,No,0.0,1.0,0.0,1.0,0.0,0.0,LARGE_PROVINCIAL_CITIES,LARGE_PROVINCIAL_CITIES,GEELONG,SOUTH WESTERN REGION,C,C,Arterial Other,"Arterial Other,Local Road",Undivided,Undiv,Country
5098,3406842.0,T20130026400,ABS to receive accident,Finished,22/12/2013,17.00.00,Yes,Collision with vehicle,Sunday,REAR END(VEHICLES IN SAME LANE),No,Day,No,Cross intersection,Other injury accident,60 km/hr,No,223827.0,144.3187,-38.19689,Intersection,GEELONG,SOUTH WESTERN REGION,2440316.537,2366955.405,2.0,1.0,0.0,0.0,1.0,1.0,1.0,1.0,0.0,0.0,2.0,0.0,0.0,0.0,0.0,0.0,0.0,0.0,0.0,2.0,No,0.0,2.0,0.0,2.0,0.0,0.0,LARGE_PROVINCIAL_CITIES,LARGE_PROVINCIAL_CITIES,GEELONG,SOUTH WESTERN REGION,A,"A,C",Arterial Highway,"Arterial Highway,Arterial Other",Divided,"Div,Undiv",Country
5131,3406875.0,T20130025996,ABS to receive accident,Finished,27/11/2013,18.00.00,Yes,Collision with vehicle,Wednesday,LANE CHANGE LEFT (NOT OVERTAKING),No,Day,Yes,Not at intersection,Other injury accident,100 km/hr,No,265816.0,144.43176,-38.02982,Non-Intersection,GEELONG,SOUTH WESTERN REGION,2450110.21,2385565.235,2.0,1.0,0.0,0.0,1.0,1.0,1.0,1.0,0.0,0.0,2.0,0.0,0.0,0.0,0.0,0.0,0.0,0.0,0.0,0.0,No,0.0,2.0,1.0,1.0,0.0,0.0,SMALL_CITIES,SMALL_CITIES,GEELONG,SOUTH WESTERN REGION,M,M,Freeway,Freeway,Divided,Div,Country
5158,3406902.0,T20130025267,ABS to receive accident,Finished,7/12/2013,17.55.00,Yes,Collision with vehicle,Saturday,RIGHT FAR (INTERSECTIONS ONLY),No,Day,Yes,Cross intersection,Serious injury accident,80 km/hr,No,53343.0,144.36878000000002,-38.07537,Intersection,GEELONG,SOUTH WESTERN REGION,2444614.176,2380474.485,4.0,2.0,0.0,2.0,0.0,2.0,2.0,2.0,0.0,2.0,2.0,0.0,0.0,0.0,0.0,0.0,0.0,0.0,0.0,1.0,No,0.0,2.0,0.0,2.0,0.0,0.0,LARGE_PROVINCIAL_CITIES,LARGE_PROVINCIAL_CITIES,GEELONG,SOUTH WESTERN REGION,A,A,Arterial Highway,"Arterial Highway,Local Road",Divided,"Div,Undiv",Country
5176,3406920.0,T20130025652,ABS to receive accident,Finished,4/12/2013,14.45.00,No,Collision with vehicle,Wednesday,TWO RIGHT TURNING (INTERSECTIONS ONLY),No,Day,No,Cross intersection,Other injury accident,50 km/hr,No,50028.0,144.33305,-38.158229999999996,Intersection,GEELONG,SOUTH WESTERN REGION,2441543.54,2371255.915,3.0,1.0,0.0,0.0,1.0,2.0,1.0,2.0,0.0,1.0,2.0,0.0,0.0,0.0,0.0,0.0,0.0,0.0,0.0,1.0,No,0.0,2.0,0.0,2.0,0.0,0.0,LARGE_PROVINCIAL_CITIES,LARGE_PROVINCIAL_CITIES,GEELONG,SOUTH WESTERN REGION,C,C,Arterial Other,"Arterial Other,Local Road",Undivided,Undiv,Country
5267,3407011.0,T20130025319,ABS to receive accident,Finished,8/12/2013,14.35.00,No,Collision with vehicle,Sunday,LEFT REAR,No,Day,Yes,Not at intersection,Other injury accident,70 km/hr,No,271086.0,144.33898,-38.214209999999994,Non-Intersection,GEELONG,SOUTH WESTERN REGION,2442106.905,2365045.329,6.0,2.0,0.0,0.0,2.0,4.0,4.0,2.0,0.0,3.0,3.0,0.0,0.0,0.0,0.0,0.0,0.0,0.0,0.0,0.0,No,0.0,3.0,0.0,3.0,0.0,0.0,RURAL_VICTORIA,RURAL_VICTORIA,GEELONG,SOUTH WESTERN REGION,B,B,Arterial Highway,Arterial Highway,Divided,Div,Country
5307,3407051.0,T20130026495,ABS to receive accident,Finished,16/12/2013,14.30.00,No,Collision with vehicle,Monday,CROSS TRAFFIC(INTERSECTIONS ONLY),No,Day,No,Cross intersection,Other injury accident,60 km/hr,No,50109.0,144.31904,-38.17093,Intersection,GEELONG,SOUTH WESTERN REGION,2440325.615,2369836.9359999998,2.0,1.0,0.0,0.0,1.0,1.0,2.0,0.0,0.0,0.0,2.0,0.0,0.0,0.0,0.0,0.0,0.0,0.0,1.0,0.0,No,0.0,2.0,0.0,2.0,0.0,0.0,LARGE_PROVINCIAL_CITIES,LARGE_PROVINCIAL_CITIES,GEELONG,SOUTH WESTERN REGION,C,C,Arterial Other,"Arterial Other,Local Road",Divided,"Div,Undiv",Country
5365,3407109.0,T20130025363,ABS to receive accident,Finished,8/12/2013,14.30.00,No,No collision and no object struck,Sunday,OUT OF CONTROL ON CARRIAGEWAY (ON STRAIGHT),No,Day,No,Not at intersection,Other injury accident,70 km/hr,No,265999.0,144.39315,-38.15894,Non-Intersection,GEELONG,SOUTH WESTERN REGION,2446811.55,2371211.884,2.0,2.0,0.0,0.0,2.0,0.0,1.0,1.0,0.0,0.0,0.0,0.0,1.0,1.0,0.0,0.0,0.0,0.0,0.0,0.0,No,0.0,1.0,0.0,0.0,1.0,0.0,LARGE_PROVINCIAL_CITIES,LARGE_PROVINCIAL_CITIES,GEELONG,SOUTH WESTERN REGION,C,C,Arterial Other,Arterial Other,Divided,Div,Country
5375,3407119.0,T20130025380,ABS to receive accident,Finished,9/12/2013,08.50.00,No,Collision with vehicle,Monday,RIGHT/LEFT. ONE VEH TURNING RIGHT THE OTHER LEFT.,No,Day,Yes,Cross intersection,Other injury accident,70 km/hr,No,50193.0,144.34473,-38.18245,Intersection,GEELONG,SOUTH WESTERN REGION,2442585.93,2368574.821,2.0,1.0,0.0,0.0,1.0,1.0,1.0,1.0,0.0,0.0,2.0,0.0,0.0,0.0,0.0,0.0,0.0,0.0,0.0,0.0,No,0.0,2.0,0.0,2.0,0.0,0.0,LARGE_PROVINCIAL_CITIES,LARGE_PROVINCIAL_CITIES,GEELONG,SOUTH WESTERN REGION,A,"A,B",Arterial Highway,Arterial Highway,Divided,Div,Country
5420,3407164.0,T20130025391,ABS to receive accident,Finished,9/12/2013,10.20.00,No,Collision with vehicle,Monday,VEHICLE STRIKES ANOTHER VEH WHILE EMERGING FROM DRIVEWAY,No,Day,Yes,Not at intersection,Serious injury accident,80 km/hr,No,265396.0,144.29971,-38.09605,Non-Intersection,GEELONG,SOUTH WESTERN REGION,2438570.665,2378136.385,2.0,2.0,0.0,1.0,1.0,0.0,2.0,0.0,0.0,0.0,2.0,0.0,0.0,0.0,0.0,0.0,0.0,0.0,1.0,0.0,No,0.0,2.0,0.0,1.0,0.0,0.0,RURAL_VICTORIA,RURAL_VICTORIA,GEELONG,SOUTH WESTERN REGION,A,A,Arterial Highway,Arterial Highway,Undivided,Undiv,Country
5427,3407171.0,T20130025404,ABS to receive accident,Finished,9/12/2013,16.10.00,No,Collision with vehicle,Monday,RIGHT TURN SIDESWIPE,No,Day,No,T intersection,Other injury accident,Not known,No,49764.0,144.33241,-38.1062,Intersection,GEELONG,SOUTH WESTERN REGION,2441447.492,2377030.26,2.0,1.0,0.0,0.0,1.0,1.0,2.0,0.0,0.0,0.0,2.0,0.0,0.0,0.0,0.0,0.0,0.0,0.0,0.0,0.0,No,0.0,2.0,0.0,2.0,0.0,0.0,LARGE_PROVINCIAL_CITIES,LARGE_PROVINCIAL_CITIES,GEELONG,SOUTH WESTERN REGION,C,C,Arterial Other,"Arterial Other,Local Road",Undivided,Undiv,Country
5494,3407238.0,T20130026185,ABS to receive accident,Finished,19/12/2013,16.22.00,No,Collision with vehicle,Thursday,REAR END(VEHICLES IN SAME LANE),No,Day,Yes,Not at intersection,Other injury accident,70 km/hr,No,266267.0,144.34718999999998,-38.18203,Non-Intersection,GEELONG,SOUTH WESTERN REGION,2442801.051,2368622.655,3.0,1.0,0.0,0.0,1.0,2.0,1.0,2.0,0.0,0.0,3.0,0.0,0.0,0.0,0.0,0.0,0.0,0.0,0.0,1.0,No,0.0,3.0,0.0,3.0,0.0,0.0,LARGE_PROVINCIAL_CITIES,LARGE_PROVINCIAL_CITIES,GEELONG,SOUTH WESTERN REGION,A,A,Arterial Highway,Arterial Highway,Divided,Div,Country
5581,3407325.0,T20130025479,ABS to receive accident,Finished,10/12/2013,14.36.00,No,Collision with vehicle,Tuesday,REAR END(VEHICLES IN SAME LANE),No,Day,Yes,T intersection,Other injury accident,70 km/hr,No,222851.0,144.35324,-38.108109999999996,Intersection,GEELONG,SOUTH WESTERN REGION,2443275.121,2376831.8680000002,3.0,1.0,0.0,0.0,1.0,2.0,2.0,1.0,0.0,1.0,1.0,0.0,0.0,1.0,0.0,0.0,0.0,0.0,0.0,0.0,No,0.0,2.0,0.0,1.0,1.0,0.0,LARGE_PROVINCIAL_CITIES,LARGE_PROVINCIAL_CITIES,GEELONG,SOUTH WESTERN REGION,A,A,Arterial Highway,"Arterial Highway,Local Road",Divided,"Div,Undiv",Country
5588,3407332.0,T20130025827,ABS to receive accident,Finished,13/12/2013,17.25.00,Yes,Collision with vehicle,Friday,REAR END(VEHICLES IN SAME LANE),No,Unk.,No,Cross intersection,Serious injury accident,70 km/hr,No,44444.0,144.3528,-38.12316,Intersection,GEELONG,SOUTH WESTERN REGION,2443248.315,2375160.4930000002,3.0,1.0,0.0,1.0,0.0,2.0,2.0,1.0,0.0,1.0,2.0,0.0,0.0,0.0,0.0,0.0,0.0,0.0,1.0,1.0,No,0.0,2.0,0.0,2.0,0.0,0.0,LARGE_PROVINCIAL_CITIES,LARGE_PROVINCIAL_CITIES,GEELONG,SOUTH WESTERN REGION,A,A,Arterial Highway,"Arterial Highway,Local Road",Divided,"Div,Undiv",Country