,OBJECTID,ACCIDENT_NO,ABS_CODE,ACCIDENT_STATUS,ACCIDENT_DATE,ACCIDENT_TIME,ALCOHOLTIME,ACCIDENT_TYPE,DAY_OF_WEEK,DCA_CODE,HIT_RUN_FLAG,LIGHT_CONDITION,POLICE_ATTEND,ROAD_GEOMETRY,SEVERITY,SPEED_ZONE,RUN_OFFROAD,NODE_ID,LONGITUDE,LATITUDE,NODE_TYPE,LGA_NAME,REGION_NAME,VICGRID_X,VICGRID_Y,TOTAL_PERSONS,INJ_OR_FATAL,FATALITY,SERIOUSINJURY,OTHERINJURY,NONINJURED,MALES,FEMALES,BICYCLIST,PASSENGER,DRIVER,PEDESTRIAN,PILLION,MOTORIST,UNKNOWN,PED_CYCLIST_5_12,PED_CYCLIST_13_18,OLD_PEDESTRIAN,OLD_DRIVER,YOUNG_DRIVER,ALCOHOL_RELATED,UNLICENCSED,NO_OF_VEHICLES,HEAVYVEHICLE,PASSENGERVEHICLE,MOTORCYCLE,PUBLICVEHICLE,DEG_URBAN_NAME,DEG_URBAN_ALL,LGA_NAME_ALL,REGION_NAME_ALL,SRNS,SRNS_ALL,RMA,RMA_ALL,DIVIDED,DIVIDED_ALL,STAT_DIV_NAME
5604,3407348.0,T20130026233,ABS to receive accident,Finished,16/12/2013,16.15.00,No,Collision with vehicle,Monday,REAR END(VEHICLES IN SAME LANE),No,Day,No,Cross intersection,Other injury accident,60 km/hr,No,1192.0,144.35981,-38.14932,Intersection,GEELONG,SOUTH WESTERN REGION,2443882.076,2372260.5069999998,2.0,1.0,0.0,0.0,1.0,1.0,2.0,0.0,0.0,0.0,2.0,0.0,0.0,0.0,0.0,0.0,0.0,0.0,0.0,1.0,No,0.0,2.0,0.0,2.0,0.0,0.0,LARGE_PROVINCIAL_CITIES,LARGE_PROVINCIAL_CITIES,GEELONG,SOUTH WESTERN REGION,C,C,Arterial Other,"Arterial Other,Local Road",Divided,"Div,Undiv",Country
5644,3407388.0,T20130024769,ABS to receive accident,Finished,1/12/2013,14.20.00,No,Collision with a fixed object,Sunday,LEFT OFF CARRIAGEWAY INTO OBJECT/PARKED VEHICLE,No,Day,Yes,Not at intersection,Other injury accident,100 km/hr,Yes,265829.0,144.27297,-38.12236,Non-Intersection,GEELONG,SOUTH WESTERN REGION,2436247.4359999998,2375198.751,2.0,1.0,0.0,0.0,1.0,1.0,1.0,1.0,0.0,1.0,1.0,0.0,0.0,0.0,0.0,0.0,0.0,0.0,0.0,1.0,No,0.0,1.0,0.0,1.0,0.0,0.0,RURAL_VICTORIA,RURAL_VICTORIA,GEELONG,SOUTH WESTERN REGION,C,C,Arterial Other,Arterial Other,Undivided,Undiv,Country
5660,3407404.0,T20130025136,ABS to receive accident,Finished,18/10/2013,18.45.00,Yes,Collision with vehicle,Friday,REAR END(VEHICLES IN SAME LANE),No,Day,No,T intersection,Other injury accident,70 km/hr,No,44465.0,144.35238999999999,-38.17523,Intersection,GEELONG,SOUTH WESTERN REGION,2443251.267,2369380.086,2.0,1.0,0.0,0.0,1.0,1.0,1.0,1.0,0.0,0.0,1.0,0.0,0.0,1.0,0.0,0.0,0.0,0.0,0.0,1.0,No,0.0,2.0,0.0,1.0,1.0,0.0,LARGE_PROVINCIAL_CITIES,LARGE_PROVINCIAL_CITIES,GEELONG,SOUTH WESTERN REGION,A,"A,C",Arterial Highway,"Arterial Highway,Arterial Other",Divided,"Div,Undiv",Country
5662,3407406.0,T20130025139,ABS to receive accident,Finished,2/12/2013,14.55.00,No,Collision with vehicle,Monday,REAR END(VEHICLES IN SAME LANE),No,Day,No,T intersection,Other injury accident,60 km/hr,No,35379.0,144.35253,-38.17407,Intersection,GEELONG,SOUTH WESTERN REGION,2443263.11,2369509.789,2.0,1.0,0.0,0.0,1.0,1.0,1.0,1.0,0.0,0.0,2.0,0.0,0.0,0.0,0.0,0.0,0.0,0.0,0.0,1.0,No,0.0,2.0,0.0,2.0,0.0,0.0,LARGE_PROVINCIAL_CITIES,LARGE_PROVINCIAL_CITIES,GEELONG,SOUTH WESTERN REGION,A,A,Arterial Highway,"Arterial Highway,Local Road",Divided,"Div,Undiv",Country
5685,3407429.0,T20130024421,ABS to receive accident,Finished,26/11/2013,15.25.00,No,Struck Pedestrian,Tuesday,FAR SIDE. PED HIT BY VEHICLE FROM THE LEFT,No,Day,Yes,Not at intersection,Serious injury accident,60 km/hr,No,264887.0,144.3474,-38.09018,Non-Intersection,GEELONG,SOUTH WESTERN REGION,2442749.455,2378818.108,2.0,1.0,0.0,1.0,0.0,1.0,2.0,0.0,0.0,0.0,1.0,1.0,0.0,0.0,0.0,0.0,1.0,0.0,0.0,0.0,No,0.0,1.0,0.0,1.0,0.0,0.0,LARGE_PROVINCIAL_CITIES,LARGE_PROVINCIAL_CITIES,GEELONG,SOUTH WESTERN REGION,C,C,Arterial Other,Arterial Other,Undivided,Undiv,Country
5693,3407437.0,T20130024794,ABS to receive accident,Finished,29/11/2013,11.10.00,No,Collision with vehicle,Friday,REAR END(VEHICLES IN SAME LANE),No,Day,Yes,T intersection,Other injury accident,60 km/hr,No,45830.0,144.35318,-38.144420000000004,Intersection,GEELONG,SOUTH WESTERN REGION,2443297.244,2372800.835,3.0,2.0,0.0,0.0,2.0,1.0,1.0,2.0,0.0,1.0,2.0,0.0,0.0,0.0,0.0,0.0,0.0,0.0,0.0,0.0,No,0.0,2.0,1.0,1.0,0.0,0.0,LARGE_PROVINCIAL_CITIES,LARGE_PROVINCIAL_CITIES,GEELONG,SOUTH WESTERN REGION,A,A,Arterial Highway,"Arterial Highway,Local Road",Divided,"Div,Undiv",Country
5698,3407442.0,T20130024807,ABS to receive accident,Finished,1/12/2013,12.30.00,No,Collision with vehicle,Sunday,REAR END(VEHICLES IN SAME LANE),No,Day,No,T intersection,Other injury accident,70 km/hr,No,49791.0,144.35463000000001,-38.115,Intersection,GEELONG,SOUTH WESTERN REGION,2443402.421,2376067.085,3.0,1.0,0.0,0.0,1.0,2.0,2.0,1.0,0.0,0.0,3.0,0.0,0.0,0.0,0.0,0.0,0.0,0.0,0.0,0.0,No,1.0,3.0,0.0,3.0,0.0,0.0,LARGE_PROVINCIAL_CITIES,LARGE_PROVINCIAL_CITIES,GEELONG,SOUTH WESTERN REGION,A,A,Arterial Highway,"Arterial Highway,Local Road",Divided,"Div,Undiv",Country
5765,3407509.0,T20130025188,ABS to receive accident,Finished,6/12/2013,17.00.00,Yes,Collision with vehicle,Friday,REAR END(VEHICLES IN SAME LANE),No,Day,Yes,Not at intersection,Serious injury accident,70 km/hr,No,269640.0,144.45436999999998,-38.18663,Non-Intersection,GEELONG,SOUTH WESTERN REGION,2452194.97,2368170.977,5.0,3.0,0.0,1.0,2.0,2.0,2.0,3.0,0.0,1.0,4.0,0.0,0.0,0.0,0.0,0.0,0.0,0.0,1.0,0.0,No,0.0,4.0,0.0,4.0,0.0,0.0,TOWNS,TOWNS,GEELONG,SOUTH WESTERN REGION,B,B,Arterial Highway,Arterial Highway,Divided,Div,Country
5768,3407512.0,T20130024030,ABS to receive accident,Finished,21/11/2013,09.15.00,No,Collision with vehicle,Thursday,CROSS TRAFFIC(INTERSECTIONS ONLY),No,Day,Yes,Cross intersection,Other injury accident,70 km/hr,No,50198.0,144.55021000000002,-38.18485,Intersection,GEELONG,SOUTH WESTERN REGION,2460591.244,2368412.103,2.0,1.0,0.0,0.0,1.0,1.0,0.0,2.0,0.0,0.0,2.0,0.0,0.0,0.0,0.0,0.0,0.0,0.0,1.0,0.0,No,0.0,2.0,0.0,2.0,0.0,0.0,RURAL_VICTORIA,RURAL_VICTORIA,GEELONG,SOUTH WESTERN REGION,C,C,Arterial Other,"Arterial Other,Local Road",Divided,"Div,Undiv",Country
5810,3407554.0,T20130025205,ABS to receive accident,Finished,6/12/2013,16.15.00,Yes,Collision with vehicle,Friday,REAR END(VEHICLES IN SAME LANE),No,Day,No,T intersection,Other injury accident,70 km/hr,No,50129.0,144.35271,-38.17411,Intersection,GEELONG,SOUTH WESTERN REGION,2443278.503,2369504.596,2.0,1.0,0.0,0.0,1.0,1.0,1.0,1.0,0.0,0.0,2.0,0.0,0.0,0.0,0.0,0.0,0.0,0.0,0.0,1.0,No,0.0,2.0,0.0,2.0,0.0,0.0,LARGE_PROVINCIAL_CITIES,LARGE_PROVINCIAL_CITIES,GEELONG,SOUTH WESTERN REGION,A,A,Arterial Highway,"Arterial Highway,Local Road",Divided,"Div,Undiv",Country
5828,3407572.0,T20130024074,ABS to receive accident,Finished,21/11/2013,16.38.00,No,Collision with vehicle,Thursday,REAR END(VEHICLES IN SAME LANE),No,Day,Yes,Not at intersection,Serious injury accident,60 km/hr,No,265253.0,144.33373999999998,-38.09932,Non-Intersection,GEELONG,SOUTH WESTERN REGION,2441558.163,2377795.287,4.0,3.0,0.0,1.0,2.0,1.0,0.0,4.0,0.0,1.0,3.0,0.0,0.0,0.0,0.0,0.0,0.0,0.0,0.0,1.0,No,0.0,3.0,0.0,3.0,0.0,0.0,LARGE_PROVINCIAL_CITIES,LARGE_PROVINCIAL_CITIES,GEELONG,SOUTH WESTERN REGION,C,C,Arterial Other,Arterial Other,Undivided,Undiv,Country
5885,3407629.0,T20130024489,ABS to receive accident,Finished,17/9/2013,14.30.00,No,No collision and no object struck,Monday,OFF CARRIAGEWAY TO RIGHT,No,Day,No,Cross intersection,Serious injury accident,60 km/hr,Yes,278773.0,144.28756,-38.219159999999995,Non-Intersection,GEELONG,SOUTH WESTERN REGION,2437607.454,2364463.1980000003,1.0,1.0,0.0,1.0,0.0,0.0,1.0,0.0,0.0,0.0,0.0,0.0,0.0,1.0,0.0,0.0,0.0,0.0,0.0,0.0,No,0.0,1.0,0.0,0.0,1.0,0.0,RURAL_VICTORIA,RURAL_VICTORIA,GEELONG,SOUTH WESTERN REGION,C,C,Arterial Other,Arterial Other,Divided,Div,Country
6096,3407840.0,T20130024583,ABS to receive accident,Finished,28/11/2013,20.15.00,Yes,Collision with vehicle,Thursday,CROSS TRAFFIC(INTERSECTIONS ONLY),No,Dusk/Dawn,Yes,Cross intersection,Serious injury accident,70 km/hr,No,35785.0,144.35199,-38.17655,Intersection,GEELONG,SOUTH WESTERN REGION,2443217.219,2369233.286,2.0,1.0,0.0,1.0,0.0,1.0,1.0,1.0,1.0,0.0,1.0,0.0,0.0,0.0,0.0,0.0,0.0,0.0,0.0,0.0,No,0.0,2.0,0.0,1.0,0.0,0.0,LARGE_PROVINCIAL_CITIES,LARGE_PROVINCIAL_CITIES,GEELONG,SOUTH WESTERN REGION,A,A,Arterial Highway,"Arterial Highway,Local Road",Divided,"Div,Undiv",Country
6128,3407872.0,T20130023814,ABS to receive accident,Finished,18/10/2013,15.45.00,No,Collision with vehicle,Friday,REAR END(VEHICLES IN SAME LANE),No,Day,No,Cross intersection,Other injury accident,60 km/hr,No,50178.0,144.35396,-38.1808,Intersection,GEELONG,SOUTH WESTERN REGION,2443393.1319999998,2368762.984,2.0,1.0,0.0,0.0,1.0,1.0,2.0,0.0,0.0,0.0,2.0,0.0,0.0,0.0,0.0,0.0,0.0,0.0,0.0,0.0,No,0.0,2.0,0.0,2.0,0.0,0.0,LARGE_PROVINCIAL_CITIES,LARGE_PROVINCIAL_CITIES,GEELONG,SOUTH WESTERN REGION,C,C,Arterial Other,Arterial Other,Divided,"Div,Undiv",Country
6140,3407884.0,T20130024211,ABS to receive accident,Finished,23/11/2013,14.30.00,Yes,Collision with a fixed object,Saturday,LEFT OFF CARRIAGEWAY INTO OBJECT/PARKED VEHICLE,No,Day,Yes,Not at intersection,Other injury accident,60 km/hr,Yes,266018.0,144.33898,-38.1274,Non-Intersection,GEELONG,SOUTH WESTERN REGION,2442039.986,2374681.527,1.0,1.0,0.0,0.0,1.0,0.0,1.0,0.0,0.0,0.0,1.0,0.0,0.0,0.0,0.0,0.0,0.0,0.0,0.0,1.0,No,0.0,1.0,0.0,1.0,0.0,0.0,LARGE_PROVINCIAL_CITIES,LARGE_PROVINCIAL_CITIES,GEELONG,SOUTH WESTERN REGION,C,C,Arterial Other,Arterial Other,Undivided,Undiv,Country
6142,3407886.0,T20130024213,ABS to receive accident,Finished,23/11/2013,15.50.00,No,Collision with vehicle,Friday,RIGHT THROUGH,No,Day,Yes,Cross intersection,Other injury accident,60 km/hr,No,49755.0,144.3455,-38.09986,Intersection,GEELONG,SOUTH WESTERN REGION,2442590.081,2377742.925,3.0,1.0,0.0,0.0,1.0,2.0,3.0,0.0,0.0,1.0,2.0,0.0,0.0,0.0,0.0,0.0,0.0,0.0,0.0,0.0,No,0.0,2.0,0.0,2.0,0.0,0.0,LARGE_PROVINCIAL_CITIES,LARGE_PROVINCIAL_CITIES,GEELONG,SOUTH WESTERN REGION,C,C,Arterial Other,"Arterial Other,Local Road",Undivided,Undiv,Country
6197,3407941.0,T20130024628,ABS to receive accident,Finished,28/11/2013,15.00.00,No,Collision with vehicle,Thursday,CROSS TRAFFIC(INTERSECTIONS ONLY),No,Day,No,Cross intersection,Other injury accident,60 km/hr,No,57663.0,144.31609,-38.18522,Intersection,GEELONG,SOUTH WESTERN REGION,2440078.944,2368249.654,2.0,1.0,0.0,0.0,1.0,1.0,1.0,1.0,1.0,0.0,1.0,0.0,0.0,0.0,0.0,0.0,0.0,0.0,1.0,0.0,No,0.0,2.0,0.0,1.0,0.0,0.0,LARGE_PROVINCIAL_CITIES,LARGE_PROVINCIAL_CITIES,GEELONG,SOUTH WESTERN REGION,C,C,Arterial Other,"Arterial Other,Local Road",Undivided,Undiv,Country
6304,3408048.0,T20130024674,ABS to receive accident,Finished,21/11/2013,11.30.00,No,Collision with vehicle,Thursday,REAR END(VEHICLES IN SAME LANE),No,Day,No,Cross intersection,Other injury accident,70 km/hr,No,15407.0,144.37453,-38.158190000000005,Intersection,GEELONG,SOUTH WESTERN REGION,2445178.858,2371285.352,2.0,1.0,0.0,0.0,1.0,1.0,0.0,2.0,0.0,0.0,2.0,0.0,0.0,0.0,0.0,0.0,0.0,0.0,0.0,0.0,No,0.0,2.0,0.0,2.0,0.0,0.0,LARGE_PROVINCIAL_CITIES,LARGE_PROVINCIAL_CITIES,GEELONG,SOUTH WESTERN REGION,B,B,Arterial Highway,"Arterial Highway,Local Road",Divided,Div,Country
6490,3408234.0,T20140002914,ABS to receive accident,Finished,12/2/2014,08.40.00,No,Collision with vehicle,Wednesday,RIGHT THROUGH,No,Day,Yes,T intersection,Other injury accident,60 km/hr,No,49738.0,144.33432,-38.0963,Intersection,GEELONG,SOUTH WESTERN REGION,2441606.707,2378130.866,2.0,2.0,0.0,0.0,2.0,0.0,2.0,0.0,0.0,0.0,2.0,0.0,0.0,0.0,0.0,0.0,0.0,0.0,0.0,0.0,No,0.0,2.0,0.0,2.0,0.0,0.0,LARGE_PROVINCIAL_CITIES,LARGE_PROVINCIAL_CITIES,GEELONG,SOUTH WESTERN REGION,C,C,Arterial Other,"Arterial Other,Local Road",Undivided,Undiv,Country
6499,3408243.0,T20140001808,ABS to receive accident,Finished,28/1/2014,03.55.00,Yes,Collision with vehicle,Tuesday,REAR END(VEHICLES IN SAME LANE),No,Dark Street lights on,Yes,Cross intersection,Other injury accident,70 km/hr,No,35262.0,144.35143,-38.15461,Intersection,GEELONG,SOUTH WESTERN REGION,2443151.949,2371668.964,2.0,1.0,0.0,0.0,1.0,1.0,2.0,0.0,0.0,0.0,2.0,0.0,0.0,0.0,0.0,0.0,0.0,0.0,0.0,0.0,No,0.0,2.0,1.0,1.0,0.0,0.0,LARGE_PROVINCIAL_CITIES,LARGE_PROVINCIAL_CITIES,GEELONG,SOUTH WESTERN REGION,A,A,Arterial Highway,"Arterial Highway,Local Road",Divided,"Div,Undiv",Country
6614,3408358.0,T20140002211,ABS to receive accident,Finished,2/2/2014,16.35.00,Yes,Collision with vehicle,Sunday,ACCIDENT OR BROKEN DOWN,No,Day,Yes,T intersection,Serious injury accident,70 km/hr,No,44443.0,144.35368,-38.11954,Intersection,GEELONG,SOUTH WESTERN REGION,2443322.235,2375562.804,2.0,2.0,0.0,1.0,1.0,0.0,0.0,2.0,0.0,0.0,2.0,0.0,0.0,0.0,0.0,0.0,0.0,0.0,0.0,1.0,No,0.0,2.0,0.0,2.0,0.0,0.0,LARGE_PROVINCIAL_CITIES,LARGE_PROVINCIAL_CITIES,GEELONG,SOUTH WESTERN REGION,A,A,Arterial Highway,"Arterial Highway,Local Road",Divided,"Div,Undiv",Country
6696,3408440.0,T20140002996,ABS to receive accident,Finished,13/2/2014,08.58.00,No,Struck Pedestrian,Thursday,PED ON FOOTHPATH STRUCK BY VEHENTERING/LEAVING DRIVEWAY.,No,Day,Yes,Not at intersection,Other injury accident,50 km/hr,No,267452.0,144.35875,-38.069390000000006,Non-Intersection,GEELONG,SOUTH WESTERN REGION,2443730.105,2381132.516,2.0,1.0,0.0,0.0,1.0,1.0,0.0,2.0,0.0,0.0,1.0,1.0,0.0,0.0,0.0,0.0,0.0,0.0,0.0,0.0,No,0.0,1.0,0.0,1.0,0.0,0.0,LARGE_PROVINCIAL_CITIES,LARGE_PROVINCIAL_CITIES,GEELONG,SOUTH WESTERN REGION,C,C,Arterial Other,Arterial Other,Undivided,Undiv,Country
6764,3408508.0,T20140001927,ABS to receive accident,Finished,29/1/2014,17.00.00,No,Collision with vehicle,Wednesday,RIGHT REAR.,No,Day,Yes,Not at intersection,Serious injury accident,80 km/hr,No,267360.0,144.54112,-38.22979,Non-Intersection,GEELONG,SOUTH WESTERN REGION,2459818.1380000003,2363420.0719999997,2.0,1.0,0.0,1.0,0.0,1.0,1.0,1.0,0.0,0.0,2.0,0.0,0.0,0.0,0.0,0.0,0.0,0.0,0.0,1.0,No,0.0,2.0,0.0,2.0,0.0,0.0,RURAL_VICTORIA,RURAL_VICTORIA,GEELONG,SOUTH WESTERN REGION,C,C,Arterial Other,Arterial Other,Undivided,Undiv,Country
6785,3408529.0,T20140002677,ABS to receive accident,Finished,9/2/2014,00.40.00,Yes,Struck Pedestrian,Sunday,PED WALKING AGAINST TRAFFIC.,No,Dark No street lights,Yes,Not at intersection,Fatal accident,100 km/hr,No,267350.0,144.5309,-37.98312,Non-Intersection,GEELONG,SOUTH WESTERN REGION,2458788.6119999997,2390796.45,3.0,1.0,1.0,0.0,0.0,2.0,2.0,1.0,0.0,1.0,1.0,1.0,0.0,0.0,0.0,0.0,0.0,0.0,0.0,0.0,Yes,0.0,1.0,0.0,1.0,0.0,0.0,RURAL_VICTORIA,RURAL_VICTORIA,GEELONG,SOUTH WESTERN REGION,M,M,Freeway,Freeway,Divided,Div,Country
6979,3408723.0,T20140002382,ABS to receive accident,Finished,5/2/2014,11.00.00,No,Collision with vehicle,Wednesday,REAR END(VEHICLES IN SAME LANE),No,Day,Yes,Cross intersection,Other injury accident,70 km/hr,No,223827.0,144.3187,-38.19689,Intersection,GEELONG,SOUTH WESTERN REGION,2440316.537,2366955.405,2.0,1.0,0.0,0.0,1.0,1.0,2.0,0.0,0.0,0.0,2.0,0.0,0.0,0.0,0.0,0.0,0.0,0.0,0.0,0.0,No,0.0,2.0,0.0,2.0,0.0,0.0,LARGE_PROVINCIAL_CITIES,LARGE_PROVINCIAL_CITIES,GEELONG,SOUTH WESTERN REGION,A,"A,C",Arterial Highway,"Arterial Highway,Arterial Other",Divided,"Div,Undiv",Country
7002,3408746.0,T20140002772,ABS to receive accident,Finished,9/2/2014,00.28.00,Yes,Collision with a fixed object,Sunday,LEFT OFF CARRIAGEWAY INTO OBJECT/PARKED VEHICLE,No,Dark No street lights,Yes,Not at intersection,Serious injury accident,80 km/hr,Yes,267679.0,144.33451000000002,-38.23775,Non-Intersection,GEELONG,SOUTH WESTERN REGION,2441733.576,2362429.525,2.0,2.0,0.0,2.0,0.0,0.0,1.0,1.0,0.0,1.0,1.0,0.0,0.0,0.0,0.0,0.0,0.0,0.0,0.0,1.0,Yes,1.0,1.0,0.0,1.0,0.0,0.0,RURAL_VICTORIA,RURAL_VICTORIA,GEELONG,SOUTH WESTERN REGION,B,B,Arterial Highway,Arterial Highway,Divided,Div,Country
7021,3408765.0,T20140002033,ABS to receive accident,Finished,26/1/2014,20.15.00,Yes,Collision with vehicle,Sunday,RIGHT THROUGH,No,Dusk/Dawn,Yes,Cross intersection,Other injury accident,70 km/hr,No,49826.0,144.33933000000002,-38.126870000000004,Intersection,GEELONG,SOUTH WESTERN REGION,2442069.495,2374740.625,4.0,4.0,0.0,0.0,4.0,0.0,2.0,2.0,0.0,2.0,2.0,0.0,0.0,0.0,0.0,0.0,0.0,0.0,0.0,0.0,No,0.0,2.0,0.0,2.0,0.0,0.0,LARGE_PROVINCIAL_CITIES,LARGE_PROVINCIAL_CITIES,GEELONG,SOUTH WESTERN REGION,A,"A,C",Arterial Highway,"Arterial Highway,Arterial Other",Divided,"Div,Undiv",Country
7035,3408779.0,T20140002413,ABS to receive accident,Finished,5/2/2014,12.00.00,No,Struck Pedestrian,Wednesday,PED ON FOOTHPATH STRUCK BY VEHENTERING/LEAVING DRIVEWAY.,No,Day,No,Not at intersection,Serious injury accident,Camping grounds or off road,No,272774.0,144.35513,-38.16199,Non-Intersection,GEELONG,SOUTH WESTERN REGION,2443481.902,2370852.286,2.0,2.0,0.0,2.0,0.0,0.0,0.0,2.0,0.0,0.0,1.0,1.0,0.0,0.0,0.0,0.0,0.0,0.0,0.0,0.0,No,0.0,1.0,0.0,1.0,0.0,0.0,LARGE_PROVINCIAL_CITIES,LARGE_PROVINCIAL_CITIES,GEELONG,SOUTH WESTERN REGION,C,C,Arterial Other,Arterial Other,Undivided,Undiv,Country
7072,3408816.0,T20140002057,ABS to receive accident,Finished,31/1/2014,15.35.00,No,No collision and no object struck,Friday,OFF CARRIAGEWAY TO RIGHT,No,Day,Yes,Not at intersection,Other injury accident,60 km/hr,Yes,267095.0,144.30868,-38.16888,Non-Intersection,GEELONG,SOUTH WESTERN REGION,2439416.462,2370058.747,1.0,1.0,0.0,0.0,1.0,0.0,1.0,0.0,0.0,0.0,1.0,0.0,0.0,0.0,0.0,0.0,0.0,0.0,0.0,1.0,No,0.0,1.0,0.0,1.0,0.0,0.0,LARGE_PROVINCIAL_CITIES,LARGE_PROVINCIAL_CITIES,GEELONG,SOUTH WESTERN REGION,C,C,Arterial Other,Arterial Other,Undivided,Undiv,Country
7091,3408835.0,T20140002443,ABS to receive accident,Finished,5/2/2014,18.39.00,Yes,Collision with vehicle,Wednesday,REAR END(VEHICLES IN SAME LANE),No,Day,Yes,T intersection,Other injury accident,70 km/hr,No,46486.0,144.35093,-38.13344,Intersection,GEELONG,SOUTH WESTERN REGION,2443091.9069999997,2374018.676,5.0,4.0,0.0,0.0,4.0,1.0,3.0,2.0,0.0,2.0,3.0,0.0,0.0,0.0,0.0,0.0,0.0,0.0,0.0,0.0,No,0.0,3.0,0.0,3.0,0.0,0.0,LARGE_PROVINCIAL_CITIES,LARGE_PROVINCIAL_CITIES,GEELONG,SOUTH WESTERN REGION,A,A,Arterial Highway,Arterial Highway,Divided,Div,Country
7160,3408904.0,T20140001756,ABS to receive accident,Finished,23/1/2014,15.00.00,No,No collision and no object struck,Thursday,OUT OF CONTROL ON CARRIAGEWAY (ON STRAIGHT),No,Day,No,Unknown,Serious injury accident,Not known,No,288984.0,144.38245,-38.16635,Non-Intersection,GEELONG,SOUTH WESTERN REGION,2445879.0719999997,2370383.523,1.0,1.0,0.0,1.0,0.0,0.0,0.0,1.0,0.0,0.0,0.0,0.0,0.0,1.0,0.0,0.0,0.0,0.0,0.0,0.0,No,0.0,1.0,0.0,0.0,1.0,0.0,LARGE_PROVINCIAL_CITIES,LARGE_PROVINCIAL_CITIES,GEELONG,SOUTH WESTERN REGION,B,B,Arterial Highway,Arterial Highway,Divided,Div,Country
7165,3408909.0,T20140001761,ABS to receive accident,Finished,27/1/2014,10.55.00,No,Collision with a fixed object,Sunday,RIGHT OFF CARRIAGEWAY INTO OBJECT/PARKED VEHICLE,No,Day,Yes,Not at intersection,Serious injury accident,100 km/hr,Yes,278665.0,144.32135,-38.09707,Non-Intersection,GEELONG,SOUTH WESTERN REGION,2440469.671,2378037.361,5.0,2.0,0.0,2.0,0.0,3.0,4.0,1.0,0.0,4.0,1.0,0.0,0.0,0.0,0.0,0.0,0.0,0.0,0.0,0.0,No,0.0,1.0,0.0,1.0,0.0,0.0,LARGE_PROVINCIAL_CITIES,LARGE_PROVINCIAL_CITIES,GEELONG,SOUTH WESTERN REGION,M,M,Freeway,Freeway,Divided,Div,Country
7395,3409139.0,T20140001481,ABS to receive accident,Finished,23/1/2014,12.40.00,No,Collision with vehicle,Thursday,LEFT TURN SIDESWIPE,No,Day,Yes,Multiple intersection,Other injury accident,60 km/hr,No,49684.0,144.33702,-38.081379999999996,Intersection,GEELONG,SOUTH WESTERN REGION,2441832.361,2379788.492,3.0,1.0,0.0,0.0,1.0,2.0,3.0,0.0,1.0,1.0,1.0,0.0,0.0,0.0,0.0,0.0,0.0,0.0,1.0,0.0,No,0.0,2.0,0.0,1.0,0.0,0.0,LARGE_PROVINCIAL_CITIES,LARGE_PROVINCIAL_CITIES,GEELONG,SOUTH WESTERN REGION,C,C,Arterial Other,Arterial Other,Divided,Div,Country
7396,3409140.0,T20140001482,ABS to receive accident,Finished,22/1/2014,13.30.00,No,Vehicle overturned (no collision),Wednesday,OUT OF CONTROL ON CARRIAGEWAY (ON STRAIGHT),No,Day,Yes,T intersection,Other injury accident,70 km/hr,No,44465.0,144.35238999999999,-38.17523,Intersection,GEELONG,SOUTH WESTERN REGION,2443251.267,2369380.086,1.0,1.0,0.0,0.0,1.0,0.0,1.0,0.0,0.0,0.0,0.0,0.0,0.0,1.0,0.0,0.0,0.0,0.0,0.0,0.0,No,0.0,1.0,0.0,0.0,1.0,0.0,LARGE_PROVINCIAL_CITIES,LARGE_PROVINCIAL_CITIES,GEELONG,SOUTH WESTERN REGION,A,"A,C",Arterial Highway,"Arterial Highway,Arterial Other",Divided,"Div,Undiv",Country
7429,3409173.0,T20140000717,ABS to receive accident,Finished,11/1/2014,09.55.00,No,Collision with vehicle,Saturday,REAR END(VEHICLES IN SAME LANE),No,Day,Yes,Not at intersection,Other injury accident,60 km/hr,No,266703.0,144.34111000000001,-38.12258,Non-Intersection,GEELONG,SOUTH WESTERN REGION,2442222.92,2375217.866,4.0,2.0,0.0,0.0,2.0,2.0,2.0,1.0,0.0,1.0,3.0,0.0,0.0,0.0,0.0,0.0,0.0,0.0,1.0,0.0,No,0.0,3.0,1.0,2.0,0.0,0.0,LARGE_PROVINCIAL_CITIES,LARGE_PROVINCIAL_CITIES,GEELONG,SOUTH WESTERN REGION,C,C,Arterial Other,Arterial Other,Undivided,Undiv,Country
7432,3409176.0,T20140000723,ABS to receive accident,Finished,12/1/2014,07.25.00,Yes,Collision with vehicle,Sunday,U TURN,Yes,Day,Yes,T intersection,Serious injury accident,60 km/hr,No,266223.0,144.32505,-38.12896,Intersection,GEELONG,SOUTH WESTERN REGION,2440819.639,2374500.308,2.0,1.0,0.0,1.0,0.0,1.0,1.0,0.0,0.0,0.0,1.0,0.0,0.0,1.0,0.0,0.0,0.0,0.0,0.0,0.0,No,0.0,2.0,0.0,1.0,1.0,0.0,LARGE_PROVINCIAL_CITIES,LARGE_PROVINCIAL_CITIES,GEELONG,SOUTH WESTERN REGION,C,C,Arterial Other,"Arterial Other,Local Road",Undivided,Undiv,Country
7479,3409223.0,T20140000746,ABS to receive accident,Finished,12/1/2014,16.30.00,Yes,Collision with vehicle,Sunday,REAR END(VEHICLES IN SAME LANE),No,Day,Yes,Cross intersection,Other injury accident,70 km/hr,No,252842.0,144.35263,-38.12314,Intersection,GEELONG,SOUTH WESTERN REGION,2443233.115,2375163.124,2.0,1.0,0.0,0.0,1.0,1.0,1.0,1.0,0.0,0.0,2.0,0.0,0.0,0.0,0.0,0.0,0.0,0.0,0.0,2.0,No,1.0,2.0,0.0,2.0,0.0,0.0,LARGE_PROVINCIAL_CITIES,LARGE_PROVINCIAL_CITIES,GEELONG,SOUTH WESTERN REGION,A,A,Arterial Highway,"Arterial Highway,Local Road",Divided,"Div,Undiv",Country