,OBJECTID,ACCIDENT_NO,ABS_CODE,ACCIDENT_STATUS,ACCIDENT_DATE,ACCIDENT_TIME,ALCOHOLTIME,ACCIDENT_TYPE,DAY_OF_WEEK,DCA_CODE,HIT_RUN_FLAG,LIGHT_CONDITION,POLICE_ATTEND,ROAD_GEOMETRY,SEVERITY,SPEED_ZONE,RUN_OFFROAD,NODE_ID,LONGITUDE,LATITUDE,NODE_TYPE,LGA_NAME,REGION_NAME,VICGRID_X,VICGRID_Y,TOTAL_PERSONS,INJ_OR_FATAL,FATALITY,SERIOUSINJURY,OTHERINJURY,NONINJURED,MALES,FEMALES,BICYCLIST,PASSENGER,DRIVER,PEDESTRIAN,PILLION,MOTORIST,UNKNOWN,PED_CYCLIST_5_12,PED_CYCLIST_13_18,OLD_PEDESTRIAN,OLD_DRIVER,YOUNG_DRIVER,ALCOHOL_RELATED,UNLICENCSED,NO_OF_VEHICLES,HEAVYVEHICLE,PASSENGERVEHICLE,MOTORCYCLE,PUBLICVEHICLE,DEG_URBAN_NAME,DEG_URBAN_ALL,LGA_NAME_ALL,REGION_NAME_ALL,SRNS,SRNS_ALL,RMA,RMA_ALL,DIVIDED,DIVIDED_ALL,STAT_DIV_NAME
47113,3448857.0,T20160021241,ABS to receive accident,Finished,30/9/2016,09.43.00,No,Collision with vehicle,Friday,REAR END(VEHICLES IN SAME LANE),No,Day,Yes,Cross intersection,Serious injury accident,60 km/hr,No,50178.0,144.35396,-38.1808,Intersection,GEELONG,SOUTH WESTERN REGION,2443393.1319999998,2368762.984,10.0,5.0,0.0,5.0,0.0,5.0,2.0,7.0,0.0,5.0,5.0,0.0,0.0,0.0,0.0,0.0,0.0,0.0,1.0,0.0,No,0.0,5.0,0.0,5.0,0.0,0.0,LARGE_PROVINCIAL_CITIES,LARGE_PROVINCIAL_CITIES,GEELONG,SOUTH WESTERN REGION,C,C,Arterial Other,Arterial Other,Divided,"Div,Undiv",Country
47131,3448875.0,T20160021701,ABS to receive accident,Finished,8/6/2016,11.00.00,No,Collision with vehicle,Tuesday,REAR END(VEHICLES IN SAME LANE),No,Day,No,Cross intersection,Other injury accident,70 km/hr,No,58017.0,144.31162,-38.20101,Intersection,GEELONG,SOUTH WESTERN REGION,2439700.1319999998,2366493.764,2.0,1.0,0.0,0.0,1.0,1.0,0.0,2.0,0.0,0.0,2.0,0.0,0.0,0.0,0.0,0.0,0.0,0.0,0.0,0.0,No,0.0,2.0,0.0,2.0,0.0,0.0,LARGE_PROVINCIAL_CITIES,LARGE_PROVINCIAL_CITIES,GEELONG,SOUTH WESTERN REGION,A,A,Arterial Highway,"Arterial Highway,Local Road",Divided,"Div,Undiv",Country
47136,3448880.0,T20160022096,ABS to receive accident,Finished,12/10/2016,15.35.00,No,Collision with vehicle,Tuesday,REAR END(VEHICLES IN SAME LANE),No,Day,Yes,T intersection,Serious injury accident,70 km/hr,No,50129.0,144.35271,-38.17411,Intersection,GEELONG,SOUTH WESTERN REGION,2443278.503,2369504.596,3.0,1.0,0.0,1.0,0.0,2.0,2.0,1.0,0.0,1.0,2.0,0.0,0.0,0.0,0.0,0.0,0.0,0.0,1.0,1.0,No,0.0,2.0,0.0,2.0,0.0,0.0,LARGE_PROVINCIAL_CITIES,LARGE_PROVINCIAL_CITIES,GEELONG,SOUTH WESTERN REGION,A,A,Arterial Highway,"Arterial Highway,Local Road",Divided,"Div,Undiv",Country
47179,3448923.0,T20160021719,ABS to receive accident,Finished,7/10/2016,16.10.00,No,Collision with vehicle,Thursday,REAR END(VEHICLES IN SAME LANE),No,Day,Yes,Cross intersection,Serious injury accident,60 km/hr,No,50178.0,144.35396,-38.1808,Intersection,GEELONG,SOUTH WESTERN REGION,2443393.1319999998,2368762.984,3.0,1.0,0.0,1.0,0.0,2.0,3.0,0.0,0.0,0.0,2.0,0.0,0.0,1.0,0.0,0.0,0.0,0.0,0.0,0.0,No,0.0,3.0,0.0,2.0,1.0,0.0,LARGE_PROVINCIAL_CITIES,LARGE_PROVINCIAL_CITIES,GEELONG,SOUTH WESTERN REGION,C,C,Arterial Other,Arterial Other,Divided,"Div,Undiv",Country
47222,3448966.0,T20160021318,ABS to receive accident,Finished,1/10/2016,19.00.00,Yes,Collision with vehicle,Saturday,U TURN,No,Dark No street lights,Yes,Not at intersection,Serious injury accident,100 km/hr,No,319139.0,144.35321000000002,-37.95265,Non-Intersection,GEELONG,SOUTH WESTERN REGION,2443155.898,2394086.629,6.0,1.0,0.0,1.0,0.0,5.0,1.0,3.0,0.0,4.0,2.0,0.0,0.0,0.0,0.0,0.0,0.0,0.0,0.0,1.0,No,0.0,2.0,0.0,2.0,0.0,0.0,RURAL_VICTORIA,RURAL_VICTORIA,GEELONG,SOUTH WESTERN REGION,C,C,Arterial Other,Arterial Other,Undivided,Undiv,Country
47297,3449041.0,T20160022174,ABS to receive accident,Finished,13/10/2016,15.00.00,No,Collision with vehicle,Wednesday,REAR END(VEHICLES IN SAME LANE),No,Day,No,Cross intersection,Other injury accident,50 km/hr,No,44466.0,144.35731,-38.14861,Intersection,GEELONG,SOUTH WESTERN REGION,2443662.329,2372338.111,2.0,1.0,0.0,0.0,1.0,1.0,0.0,2.0,0.0,0.0,2.0,0.0,0.0,0.0,0.0,0.0,0.0,0.0,0.0,1.0,No,0.0,2.0,0.0,2.0,0.0,0.0,LARGE_PROVINCIAL_CITIES,LARGE_PROVINCIAL_CITIES,GEELONG,SOUTH WESTERN REGION,C,C,Arterial Other,"Arterial Other,Local Road",Divided,"Div,Undiv",Country
47448,3449192.0,T20160026620,ABS to receive accident,Finished,10/12/2016,07.50.00,No,Collision with vehicle,Friday,LEFT NEAR (INTERSECTIONS ONLY),No,Day,Yes,T intersection,Other injury accident,60 km/hr,No,50195.0,144.35416999999998,-38.182809999999996,Intersection,GEELONG,SOUTH WESTERN REGION,2443413.114,2368539.8880000003,2.0,1.0,0.0,0.0,1.0,1.0,1.0,1.0,1.0,0.0,1.0,0.0,0.0,0.0,0.0,0.0,0.0,0.0,0.0,1.0,No,0.0,2.0,0.0,1.0,0.0,0.0,LARGE_PROVINCIAL_CITIES,LARGE_PROVINCIAL_CITIES,GEELONG,SOUTH WESTERN REGION,C,C,Arterial Other,"Arterial Other,Local Road",Divided,"Div,Undiv",Country
47456,3449200.0,T20160026641,ABS to receive accident,Finished,10/12/2016,14.50.00,Yes,Struck Pedestrian,Saturday,FAR SIDE. PED HIT BY VEHICLE FROM THE LEFT,No,Day,Yes,T intersection,Serious injury accident,50 km/hr,No,297987.0,144.65402,-38.11515,Intersection,GEELONG,SOUTH WESTERN REGION,2469658.68,2376187.5640000002,2.0,1.0,0.0,1.0,0.0,1.0,0.0,2.0,0.0,0.0,1.0,1.0,0.0,0.0,0.0,0.0,0.0,1.0,0.0,0.0,No,0.0,1.0,0.0,1.0,0.0,0.0,TOWNS,TOWNS,GEELONG,SOUTH WESTERN REGION,C,C,Arterial Other,"Arterial Other,Local Road",Divided,"Div,Undiv",Country
47457,3449201.0,T20160026642,ABS to receive accident,Finished,10/12/2016,14.15.00,No,Collision with vehicle,Friday,RIGHT THROUGH,No,Day,Yes,T intersection,Serious injury accident,70 km/hr,No,49761.0,144.34457,-38.10464,Intersection,GEELONG,SOUTH WESTERN REGION,2442512.326,2377211.008,2.0,2.0,0.0,1.0,1.0,0.0,1.0,1.0,0.0,0.0,2.0,0.0,0.0,0.0,0.0,0.0,0.0,0.0,0.0,0.0,No,0.0,2.0,0.0,2.0,0.0,0.0,LARGE_PROVINCIAL_CITIES,LARGE_PROVINCIAL_CITIES,GEELONG,SOUTH WESTERN REGION,C,C,Arterial Other,"Arterial Other,Local Road",Divided,"Div,Undiv",Country
47505,3449249.0,T20160026656,ABS to receive accident,Finished,10/12/2016,16.34.00,Yes,Collision with a fixed object,Saturday,RIGHT OFF CARRIAGEWAY INTO OBJECT/PARKED VEHICLE,No,Day,Yes,Not at intersection,Serious injury accident,80 km/hr,Yes,314628.0,144.42656000000002,-38.169990000000006,Non-Intersection,GEELONG,SOUTH WESTERN REGION,2449747.101,2370003.501,1.0,1.0,0.0,1.0,0.0,0.0,0.0,1.0,0.0,0.0,1.0,0.0,0.0,0.0,0.0,0.0,0.0,0.0,0.0,0.0,No,0.0,1.0,0.0,1.0,0.0,0.0,LARGE_PROVINCIAL_CITIES,LARGE_PROVINCIAL_CITIES,GEELONG,SOUTH WESTERN REGION,C,C,Arterial Other,Arterial Other,Divided,Div,Country
47510,3449254.0,T20160026670,ABS to receive accident,Finished,10/12/2016,21.00.00,Yes,Collision with vehicle,Saturday,CROSS TRAFFIC(INTERSECTIONS ONLY),No,Dark Street lights on,Yes,Cross intersection,Other injury accident,60 km/hr,No,29946.0,144.3554,-38.15271,Intersection,GEELONG,SOUTH WESTERN REGION,2443498.598,2371882.102,5.0,1.0,0.0,0.0,1.0,4.0,3.0,2.0,0.0,2.0,3.0,0.0,0.0,0.0,0.0,0.0,0.0,0.0,0.0,0.0,No,0.0,3.0,0.0,3.0,0.0,0.0,LARGE_PROVINCIAL_CITIES,LARGE_PROVINCIAL_CITIES,GEELONG,SOUTH WESTERN REGION,B,B,Arterial Highway,"Arterial Highway,Local Road",Divided,"Div,Undiv",Country
47544,3449288.0,T20160026263,ABS to receive accident,Finished,5/12/2016,12.00.00,No,Collision with vehicle,Monday,REAR END(VEHICLES IN SAME LANE),Yes,Day,No,Cross intersection,Other injury accident,60 km/hr,No,29801.0,144.33615,-38.14165,Intersection,GEELONG,SOUTH WESTERN REGION,2441802.787,2373097.691,3.0,2.0,0.0,0.0,2.0,1.0,1.0,2.0,0.0,1.0,2.0,0.0,0.0,0.0,0.0,0.0,0.0,0.0,1.0,0.0,No,0.0,2.0,0.0,2.0,0.0,0.0,LARGE_PROVINCIAL_CITIES,LARGE_PROVINCIAL_CITIES,GEELONG,SOUTH WESTERN REGION,C,C,Arterial Other,"Arterial Other,Local Road",Undivided,Undiv,Country
47620,3449364.0,T20160027110,ABS to receive accident,Finished,16/12/2016,11.45.00,No,Collision with vehicle,Friday,RIGHT THROUGH,No,Day,Yes,T intersection,Other injury accident,80 km/hr,No,50131.0,144.45806000000002,-38.17447,Intersection,GEELONG,SOUTH WESTERN REGION,2452510.299,2369522.3819999998,3.0,2.0,0.0,0.0,2.0,1.0,1.0,2.0,0.0,1.0,2.0,0.0,0.0,0.0,0.0,0.0,0.0,0.0,0.0,0.0,No,0.0,2.0,0.0,2.0,0.0,0.0,TOWNS,"TOWNS,RURAL_VICTORIA",GEELONG,SOUTH WESTERN REGION,C,C,Arterial Other,"Arterial Other,Local Road",Divided,"Div,Undiv",Country
47647,3449391.0,T20160026306,ABS to receive accident,Finished,6/12/2016,10.05.00,No,Collision with vehicle,Tuesday,U TURN,No,Day,Yes,Not at intersection,Other injury accident,100 km/hr,No,311553.0,144.30111000000002,-38.182109999999994,Non-Intersection,GEELONG,SOUTH WESTERN REGION,2438763.6319999998,2368584.833,2.0,2.0,0.0,0.0,2.0,0.0,0.0,2.0,0.0,0.0,2.0,0.0,0.0,0.0,0.0,0.0,0.0,0.0,0.0,0.0,No,0.0,2.0,0.0,2.0,0.0,0.0,RURAL_VICTORIA,RURAL_VICTORIA,GEELONG,SOUTH WESTERN REGION,M,M,Freeway,Freeway,Divided,Div,Country
47681,3449425.0,T20160025907,ABS to receive accident,Finished,1/12/2016,10.00.00,No,Collision with vehicle,Thursday,REAR END(VEHICLES IN SAME LANE),No,Day,Yes,T intersection,Other injury accident,60 km/hr,No,50240.0,144.32676,-38.2012,Intersection,GEELONG,SOUTH WESTERN REGION,2441026.317,2366482.4930000002,3.0,3.0,0.0,0.0,3.0,0.0,2.0,1.0,0.0,0.0,3.0,0.0,0.0,0.0,0.0,0.0,0.0,0.0,0.0,0.0,No,0.0,3.0,0.0,3.0,0.0,0.0,LARGE_PROVINCIAL_CITIES,LARGE_PROVINCIAL_CITIES,GEELONG,SOUTH WESTERN REGION,C,C,Arterial Other,"Arterial Other,Local Road",Divided,"Div,Undiv",Country
47738,3449482.0,T20160025936,ABS to receive accident,Finished,11/10/2016,17.50.00,No,Collision with vehicle,Tuesday,REAR END(VEHICLES IN SAME LANE),No,Dark Street lights on,No,Cross intersection,Other injury accident,60 km/hr,No,49839.0,144.33831,-38.13066,Intersection,GEELONG,SOUTH WESTERN REGION,2441983.174,2374319.18,2.0,1.0,0.0,0.0,1.0,1.0,1.0,1.0,0.0,0.0,2.0,0.0,0.0,0.0,0.0,0.0,0.0,0.0,0.0,0.0,No,0.0,2.0,0.0,2.0,0.0,0.0,LARGE_PROVINCIAL_CITIES,LARGE_PROVINCIAL_CITIES,GEELONG,SOUTH WESTERN REGION,C,C,Arterial Other,"Arterial Other,Local Road",Undivided,Undiv,Country
47783,3449527.0,T20160025592,ABS to receive accident,Finished,26/11/2016,17.30.00,Yes,Collision with vehicle,Saturday,REAR END(VEHICLES IN SAME LANE),No,Day,Yes,Cross intersection,Serious injury accident,60 km/hr,No,44469.0,144.35411000000002,-38.1617,Intersection,GEELONG,SOUTH WESTERN REGION,2443392.159,2370882.886,7.0,2.0,0.0,1.0,1.0,5.0,3.0,4.0,0.0,3.0,4.0,0.0,0.0,0.0,0.0,0.0,0.0,0.0,0.0,0.0,Yes,0.0,4.0,0.0,4.0,0.0,0.0,LARGE_PROVINCIAL_CITIES,LARGE_PROVINCIAL_CITIES,GEELONG,SOUTH WESTERN REGION,C,C,Arterial Other,"Arterial Other,Local Road",Undivided,Undiv,Country
47792,3449536.0,T20160025969,ABS to receive accident,Finished,2/12/2016,02.34.00,Yes,Vehicle overturned (no collision),Thursday,OFF CARRIAGEWAY TO LEFT,No,Dark No street lights,Yes,Not at intersection,Serious injury accident,60 km/hr,Yes,322939.0,144.31468,-38.14311,Non-Intersection,GEELONG,SOUTH WESTERN REGION,2439921.156,2372922.319,1.0,1.0,0.0,1.0,0.0,0.0,1.0,0.0,0.0,0.0,1.0,0.0,0.0,0.0,0.0,0.0,0.0,0.0,0.0,1.0,Yes,0.0,1.0,0.0,1.0,0.0,0.0,RURAL_VICTORIA,RURAL_VICTORIA,GEELONG,SOUTH WESTERN REGION,B,B,Arterial Highway,Arterial Highway,Undivided,Undiv,Country
47802,3449546.0,T20160026382,ABS to receive accident,Finished,4/12/2016,18.45.00,Yes,Collision with vehicle,Sunday,VEHICLE STRIKES ANOTHER VEH WHILE EMERGING FROM DRIVEWAY,No,Day,Yes,T intersection,Serious injury accident,50 km/hr,No,49861.0,144.33718000000002,-38.136540000000004,Intersection,GEELONG,SOUTH WESTERN REGION,2441888.772,2373665.6859999998,3.0,1.0,0.0,1.0,0.0,2.0,1.0,2.0,0.0,1.0,2.0,0.0,0.0,0.0,0.0,0.0,0.0,0.0,0.0,1.0,No,0.0,2.0,0.0,2.0,0.0,0.0,LARGE_PROVINCIAL_CITIES,LARGE_PROVINCIAL_CITIES,GEELONG,SOUTH WESTERN REGION,C,C,Arterial Other,"Arterial Other,Local Road",Undivided,Undiv,Country
47823,3449567.0,T20160025593,ABS to receive accident,Finished,26/11/2016,16.55.00,Yes,Collision with vehicle,Saturday,RIGHT NEAR (INTERSECTIONS ONLY),No,Day,Yes,T intersection,Serious injury accident,100 km/hr,No,292051.0,144.45626000000001,-38.26672,Intersection,GEELONG,SOUTH WESTERN REGION,2452411.4159999997,2359281.726,2.0,2.0,0.0,2.0,0.0,0.0,0.0,2.0,0.0,0.0,2.0,0.0,0.0,0.0,0.0,0.0,0.0,0.0,0.0,1.0,No,0.0,2.0,0.0,2.0,0.0,0.0,RURAL_VICTORIA,RURAL_VICTORIA,GEELONG,SOUTH WESTERN REGION,C,C,Arterial Other,"Arterial Other,Local Road",Undivided,Undiv,Country
47910,3449654.0,T20160026444,ABS to receive accident,Finished,8/12/2016,02.08.00,Yes,Collision with vehicle,Thursday,LEFT REAR,Yes,Dark Street lights on,Yes,Cross intersection,Serious injury accident,80 km/hr,No,53343.0,144.36878000000002,-38.07537,Intersection,GEELONG,SOUTH WESTERN REGION,2444614.176,2380474.485,3.0,1.0,0.0,1.0,0.0,2.0,1.0,1.0,0.0,1.0,2.0,0.0,0.0,0.0,0.0,0.0,0.0,0.0,0.0,1.0,No,0.0,2.0,0.0,2.0,0.0,0.0,LARGE_PROVINCIAL_CITIES,LARGE_PROVINCIAL_CITIES,GEELONG,SOUTH WESTERN REGION,A,A,Arterial Highway,"Arterial Highway,Local Road",Divided,"Div,Undiv",Country
48008,3449752.0,T20160026489,ABS to receive accident,Finished,8/12/2016,06.50.00,No,Collision with vehicle,Thursday,REAR END(VEHICLES IN SAME LANE),No,Day,Yes,T intersection,Other injury accident,70 km/hr,No,239030.0,144.34201000000002,-38.19699,Intersection,GEELONG,SOUTH WESTERN REGION,2442359.127,2366958.673,2.0,1.0,0.0,0.0,1.0,1.0,1.0,1.0,0.0,0.0,2.0,0.0,0.0,0.0,0.0,0.0,0.0,0.0,0.0,0.0,No,0.0,2.0,0.0,2.0,0.0,0.0,LARGE_PROVINCIAL_CITIES,LARGE_PROVINCIAL_CITIES,GEELONG,SOUTH WESTERN REGION,B,B,Arterial Highway,"Arterial Highway,Local Road",Divided,"Div,Undiv",Country
48039,3449783.0,T20160025729,ABS to receive accident,Finished,28/11/2016,15.40.00,No,Struck Pedestrian,Monday,PARKED CAR RUN AWAY,No,Day,Yes,Not at intersection,Fatal accident,60 km/hr,No,311153.0,144.71702,-38.16695,Non-Intersection,GEELONG,SOUTH WESTERN REGION,2475199.986,2370455.596,1.0,1.0,1.0,0.0,0.0,0.0,1.0,0.0,0.0,0.0,0.0,1.0,0.0,0.0,0.0,0.0,0.0,1.0,0.0,0.0,No,0.0,1.0,0.0,1.0,0.0,0.0,TOWNS,TOWNS,GEELONG,SOUTH WESTERN REGION,C,C,Arterial Other,Arterial Other,Undivided,Undiv,Country
48071,3449815.0,T20160026919,ABS to receive accident,Finished,13/12/2016,17.15.00,No,Collision with vehicle,Tuesday,RIGHT THROUGH,No,Day,Yes,Cross intersection,Other injury accident,60 km/hr,No,35671.0,144.32907,-38.14461,Intersection,GEELONG,SOUTH WESTERN REGION,2441183.821,2372765.1890000002,3.0,1.0,0.0,0.0,1.0,2.0,2.0,0.0,1.0,1.0,1.0,0.0,0.0,0.0,0.0,0.0,1.0,0.0,0.0,0.0,No,0.0,2.0,0.0,1.0,0.0,0.0,LARGE_PROVINCIAL_CITIES,LARGE_PROVINCIAL_CITIES,GEELONG,SOUTH WESTERN REGION,B,B,Arterial Highway,"Arterial Highway,Local Road",Undivided,Undiv,Country
48272,3450016.0,T20160025432,ABS to receive accident,Finished,24/11/2016,15.35.00,No,Collision with vehicle,Thursday,RIGHT NEAR (INTERSECTIONS ONLY),No,Day,Yes,Cross intersection,Other injury accident,80 km/hr,No,71762.0,144.62658000000002,-38.127590000000005,Intersection,GEELONG,SOUTH WESTERN REGION,2467257.06,2374797.4280000003,3.0,1.0,0.0,0.0,1.0,2.0,2.0,1.0,0.0,1.0,2.0,0.0,0.0,0.0,0.0,0.0,0.0,0.0,1.0,1.0,No,1.0,2.0,0.0,2.0,0.0,0.0,RURAL_VICTORIA,RURAL_VICTORIA,GEELONG,SOUTH WESTERN REGION,C,C,Arterial Other,"Arterial Other,Local Road",Undivided,Undiv,Country
48350,3450094.0,T20160024699,ABS to receive accident,Finished,16/11/2016,08.10.00,No,Collision with vehicle,Wednesday,OTHER MANOEUVRING NOT INCLUDED IN DCAs 140-148,No,Day,Yes,T intersection,Fatal accident,50 km/hr,No,310648.0,144.36075,-38.14959,Non-Intersection,GEELONG,SOUTH WESTERN REGION,2443964.991,2372231.4159999997,2.0,1.0,1.0,0.0,0.0,1.0,2.0,0.0,1.0,0.0,1.0,0.0,0.0,0.0,0.0,0.0,0.0,0.0,0.0,0.0,No,0.0,2.0,1.0,0.0,0.0,0.0,LARGE_PROVINCIAL_CITIES,LARGE_PROVINCIAL_CITIES,GEELONG,SOUTH WESTERN REGION,C,C,Arterial Other,Arterial Other,Divided,Div,Country
48367,3450111.0,T20160025085,ABS to receive accident,Finished,20/10/2016,10.30.00,No,Collision with vehicle,Thursday,U TURN,No,Day,No,Not at intersection,Other injury accident,60 km/hr,No,311024.0,144.38628,-38.15935,Non-Intersection,GEELONG,SOUTH WESTERN REGION,2446209.687,2371162.856,2.0,1.0,0.0,0.0,1.0,1.0,1.0,1.0,0.0,0.0,2.0,0.0,0.0,0.0,0.0,0.0,0.0,0.0,1.0,1.0,No,0.0,2.0,0.0,2.0,0.0,0.0,LARGE_PROVINCIAL_CITIES,LARGE_PROVINCIAL_CITIES,GEELONG,SOUTH WESTERN REGION,C,C,Arterial Other,Arterial Other,Undivided,Undiv,Country
48475,3450219.0,T20160025521,ABS to receive accident,Finished,25/11/2016,21.15.00,Yes,Collision with vehicle,Thursday,REAR END(VEHICLES IN SAME LANE),Yes,Dark Street lights on,Yes,T intersection,Other injury accident,50 km/hr,No,50111.0,144.38397,-38.17155,Intersection,GEELONG,SOUTH WESTERN REGION,2446015.878,2369807.405,2.0,1.0,0.0,0.0,1.0,1.0,0.0,1.0,0.0,0.0,2.0,0.0,0.0,0.0,0.0,0.0,0.0,0.0,0.0,0.0,No,0.0,2.0,0.0,2.0,0.0,0.0,LARGE_PROVINCIAL_CITIES,LARGE_PROVINCIAL_CITIES,GEELONG,SOUTH WESTERN REGION,C,C,Arterial Other,"Arterial Other,Local Road",Undivided,Undiv,Country
48489,3450233.0,T20160024348,ABS to receive accident,Finished,11/11/2016,12.45.00,No,Struck Pedestrian,Thursday,PED NEAR SIDE. PED HIT BY VEHICLE FROM THE RIGHT.,No,Day,Yes,T intersection,Serious injury accident,60 km/hr,No,49787.0,144.34278,-38.11399,Intersection,GEELONG,SOUTH WESTERN REGION,2442362.853,2376172.74,3.0,3.0,0.0,1.0,2.0,0.0,1.0,2.0,0.0,1.0,1.0,1.0,0.0,0.0,0.0,0.0,1.0,0.0,0.0,0.0,No,0.0,1.0,0.0,1.0,0.0,0.0,LARGE_PROVINCIAL_CITIES,LARGE_PROVINCIAL_CITIES,GEELONG,SOUTH WESTERN REGION,C,C,Arterial Other,"Arterial Other,Local Road",Undivided,Undiv,Country
48498,3450242.0,T20160024363,ABS to receive accident,Finished,11/11/2016,17.23.00,No,Collision with vehicle,Thursday,CROSS TRAFFIC(INTERSECTIONS ONLY),No,Day,Yes,Cross intersection,Serious injury accident,60 km/hr,No,15392.0,144.32015,-38.12832,Intersection,GEELONG,SOUTH WESTERN REGION,2440389.22,2374568.1459999997,3.0,2.0,0.0,1.0,1.0,1.0,1.0,2.0,0.0,1.0,2.0,0.0,0.0,0.0,0.0,0.0,0.0,0.0,1.0,0.0,No,0.0,2.0,0.0,2.0,0.0,0.0,LARGE_PROVINCIAL_CITIES,LARGE_PROVINCIAL_CITIES,GEELONG,SOUTH WESTERN REGION,C,C,Arterial Other,"Arterial Other,Local Road",Undivided,Undiv,Country
48515,3450259.0,T20160025149,ABS to receive accident,Finished,17/6/2016,09.00.00,No,Collision with vehicle,Thursday,REAR END(VEHICLES IN SAME LANE),No,Day,Yes,Not at intersection,Other injury accident,60 km/hr,No,311550.0,144.34368,-38.10941,Non-Intersection,GEELONG,SOUTH WESTERN REGION,2442437.828,2376681.35,2.0,1.0,0.0,0.0,1.0,1.0,1.0,1.0,0.0,0.0,2.0,0.0,0.0,0.0,0.0,0.0,0.0,0.0,0.0,0.0,No,0.0,2.0,0.0,2.0,0.0,0.0,LARGE_PROVINCIAL_CITIES,LARGE_PROVINCIAL_CITIES,GEELONG,SOUTH WESTERN REGION,C,C,Arterial Other,Arterial Other,Undivided,Undiv,Country
48525,3450269.0,T20160025162,ABS to receive accident,Finished,22/11/2016,05.10.00,Yes,Collision with a fixed object,Tuesday,RIGHT OFF CARRIAGEWAY INTO OBJECT/PARKED VEHICLE,No,Dark Street lights on,Yes,Not at intersection,Other injury accident,60 km/hr,Yes,318735.0,144.37593,-38.15383,Non-Intersection,GEELONG,SOUTH WESTERN REGION,2445298.754,2371769.76,1.0,1.0,0.0,0.0,1.0,0.0,0.0,1.0,0.0,0.0,1.0,0.0,0.0,0.0,0.0,0.0,0.0,0.0,0.0,0.0,No,0.0,1.0,0.0,1.0,0.0,0.0,LARGE_PROVINCIAL_CITIES,LARGE_PROVINCIAL_CITIES,GEELONG,SOUTH WESTERN REGION,C,C,Arterial Other,Arterial Other,Divided,Div,Country
48587,3450331.0,T20160024006,ABS to receive accident,Finished,7/11/2016,09.40.00,No,Collision with vehicle,Monday,VEHICLE COLLIDES WITH VEHICLE PARKED ON LEFT OF ROAD,Yes,Day,Yes,T intersection,Other injury accident,60 km/hr,No,312432.0,144.33209,-38.10788,Non-Intersection,GEELONG,SOUTH WESTERN REGION,2441420.321,2376844.087,3.0,1.0,0.0,0.0,1.0,2.0,3.0,0.0,0.0,0.0,2.0,1.0,0.0,0.0,0.0,0.0,0.0,0.0,0.0,0.0,No,0.0,3.0,1.0,2.0,0.0,0.0,LARGE_PROVINCIAL_CITIES,LARGE_PROVINCIAL_CITIES,GEELONG,SOUTH WESTERN REGION,C,C,Arterial Other,Arterial Other,Undivided,Undiv,Country
48588,3450332.0,T20160024007,ABS to receive accident,Finished,7/11/2016,08.06.00,Yes,Collision with vehicle,Sunday,LANE CHANGE RIGHT (NOT OVERTAKING),No,Day,No,Cross intersection,Other injury accident,60 km/hr,No,49939.0,144.35483,-38.147890000000004,Intersection,GEELONG,SOUTH WESTERN REGION,2443444.734,2372416.34,2.0,1.0,0.0,0.0,1.0,1.0,1.0,1.0,0.0,0.0,2.0,0.0,0.0,0.0,0.0,0.0,0.0,0.0,0.0,1.0,No,0.0,2.0,0.0,2.0,0.0,0.0,LARGE_PROVINCIAL_CITIES,LARGE_PROVINCIAL_CITIES,GEELONG,SOUTH WESTERN REGION,C,C,Arterial Other,"Arterial Other,Local Road",Divided,"Div,Undiv",Country
48605,3450349.0,T20160024809,ABS to receive accident,Finished,17/11/2016,14.10.00,No,No collision and no object struck,Wednesday,OFF CARRIAGEWAY TO LEFT,No,Day,Yes,Not at intersection,Other injury accident,100 km/hr,Yes,311128.0,144.29944,-38.18097,Non-Intersection,GEELONG,SOUTH WESTERN REGION,2438616.599,2368710.565,1.0,1.0,0.0,0.0,1.0,0.0,0.0,1.0,0.0,0.0,1.0,0.0,0.0,0.0,0.0,0.0,0.0,0.0,1.0,0.0,No,0.0,1.0,0.0,1.0,0.0,0.0,RURAL_VICTORIA,RURAL_VICTORIA,GEELONG,SOUTH WESTERN REGION,M,M,Freeway,Freeway,Divided,Div,Country
48685,3450429.0,T20160024046,ABS to receive accident,Finished,7/11/2016,16.40.00,Yes,Collision with vehicle,Sunday,REAR END(VEHICLES IN SAME LANE),No,Day,Yes,T intersection,Other injury accident,60 km/hr,No,310333.0,144.53519,-38.25946,Non-Intersection,GEELONG,SOUTH WESTERN REGION,2459315.13,2360123.89,5.0,2.0,0.0,0.0,2.0,3.0,3.0,2.0,0.0,1.0,4.0,0.0,0.0,0.0,0.0,0.0,0.0,0.0,0.0,1.0,No,0.0,4.0,0.0,4.0,0.0,0.0,SMALL_CITIES,SMALL_CITIES,GEELONG,SOUTH WESTERN REGION,C,C,Arterial Other,Arterial Other,Undivided,Undiv,Country