,OBJECTID,ACCIDENT_NO,ABS_CODE,ACCIDENT_STATUS,ACCIDENT_DATE,ACCIDENT_TIME,ALCOHOLTIME,ACCIDENT_TYPE,DAY_OF_WEEK,DCA_CODE,HIT_RUN_FLAG,LIGHT_CONDITION,POLICE_ATTEND,ROAD_GEOMETRY,SEVERITY,SPEED_ZONE,RUN_OFFROAD,NODE_ID,LONGITUDE,LATITUDE,NODE_TYPE,LGA_NAME,REGION_NAME,VICGRID_X,VICGRID_Y,TOTAL_PERSONS,INJ_OR_FATAL,FATALITY,SERIOUSINJURY,OTHERINJURY,NONINJURED,MALES,FEMALES,BICYCLIST,PASSENGER,DRIVER,PEDESTRIAN,PILLION,MOTORIST,UNKNOWN,PED_CYCLIST_5_12,PED_CYCLIST_13_18,OLD_PEDESTRIAN,OLD_DRIVER,YOUNG_DRIVER,ALCOHOL_RELATED,UNLICENCSED,NO_OF_VEHICLES,HEAVYVEHICLE,PASSENGERVEHICLE,MOTORCYCLE,PUBLICVEHICLE,DEG_URBAN_NAME,DEG_URBAN_ALL,LGA_NAME_ALL,REGION_NAME_ALL,SRNS,SRNS_ALL,RMA,RMA_ALL,DIVIDED,DIVIDED_ALL,STAT_DIV_NAME
51639,3453383.0,T20170003361,ABS to receive accident,Finished,19/2/2017,19.25.00,Yes,Collision with a fixed object,Sunday,RIGHT OFF CARRIAGEWAY INTO OBJECT/PARKED VEHICLE,No,Day,Yes,Not at intersection,Serious injury accident,100 km/hr,Yes,317530.0,144.27137,-38.13275,Non-Intersection,GEELONG,SOUTH WESTERN REGION,2436116.1780000003,2374044.952,1.0,1.0,0.0,1.0,0.0,0.0,1.0,0.0,0.0,0.0,1.0,0.0,0.0,0.0,0.0,0.0,0.0,0.0,0.0,0.0,No,0.0,1.0,0.0,1.0,0.0,0.0,RURAL_VICTORIA,RURAL_VICTORIA,GEELONG,SOUTH WESTERN REGION,B,B,Arterial Highway,Arterial Highway,Undivided,Undiv,Country
51686,3453430.0,T20170002983,ABS to receive accident,Finished,14/2/2017,16.16.00,No,Struck Pedestrian,Monday,VEH STRIKES PED ON FOOTPATH/MEDIAN/TRAFFIC ISLAND.,No,Day,Yes,Not at intersection,Serious injury accident,60 km/hr,No,314055.0,144.32828,-38.120740000000005,Non-Intersection,GEELONG,SOUTH WESTERN REGION,2441096.344,2375414.26,2.0,1.0,0.0,1.0,0.0,1.0,1.0,1.0,0.0,0.0,1.0,1.0,0.0,0.0,0.0,0.0,0.0,1.0,0.0,0.0,No,0.0,1.0,0.0,1.0,0.0,0.0,LARGE_PROVINCIAL_CITIES,LARGE_PROVINCIAL_CITIES,GEELONG,SOUTH WESTERN REGION,C,C,Arterial Other,Arterial Other,Undivided,Undiv,Country
51714,3453458.0,T20170003812,ABS to receive accident,Finished,21/2/2017,07.45.00,No,Collision with vehicle,Tuesday,REAR END(VEHICLES IN SAME LANE),No,Day,No,T intersection,Other injury accident,60 km/hr,No,50253.0,144.33986000000002,-38.20857,Intersection,GEELONG,SOUTH WESTERN REGION,2442179.699,2365671.716,3.0,1.0,0.0,0.0,1.0,2.0,3.0,0.0,0.0,0.0,2.0,0.0,0.0,1.0,0.0,0.0,0.0,0.0,0.0,0.0,No,0.0,3.0,0.0,2.0,1.0,0.0,LARGE_PROVINCIAL_CITIES,LARGE_PROVINCIAL_CITIES,GEELONG,SOUTH WESTERN REGION,B,B,Arterial Highway,"Arterial Highway,Local Road",Divided,"Div,Undiv",Country
51729,3453473.0,T20170002990,ABS to receive accident,Finished,14/2/2017,16.55.00,No,Collision with vehicle,Tuesday,CROSS TRAFFIC(INTERSECTIONS ONLY),No,Day,Yes,Cross intersection,Serious injury accident,50 km/hr,No,1192.0,144.35981,-38.14932,Intersection,GEELONG,SOUTH WESTERN REGION,2443882.076,2372260.5069999998,6.0,6.0,0.0,2.0,4.0,0.0,5.0,1.0,0.0,1.0,5.0,0.0,0.0,0.0,0.0,0.0,0.0,0.0,0.0,5.0,Yes,1.0,5.0,0.0,5.0,0.0,0.0,LARGE_PROVINCIAL_CITIES,LARGE_PROVINCIAL_CITIES,GEELONG,SOUTH WESTERN REGION,C,C,Arterial Other,"Arterial Other,Local Road",Divided,"Div,Undiv",Country
51736,3453480.0,T20170002997,ABS to receive accident,Finished,14/2/2017,19.46.00,Yes,Collision with vehicle,Tuesday,LEFT TURN SIDESWIPE,No,Dusk/Dawn,Yes,Cross intersection,Other injury accident,50 km/hr,No,266135.0,144.39144,-38.170629999999996,Intersection,GEELONG,SOUTH WESTERN REGION,2446670.306,2369913.619,2.0,2.0,0.0,0.0,2.0,0.0,2.0,0.0,0.0,0.0,1.0,0.0,0.0,1.0,0.0,0.0,0.0,0.0,0.0,0.0,No,0.0,2.0,0.0,1.0,1.0,0.0,LARGE_PROVINCIAL_CITIES,LARGE_PROVINCIAL_CITIES,GEELONG,SOUTH WESTERN REGION,B,B,Arterial Highway,"Arterial Highway,Local Road",Divided,"Div,Undiv",Country
51827,3453571.0,T20170002639,ABS to receive accident,Finished,9/12/2016,12.40.00,No,Collision with vehicle,Friday,RIGHT TURN SIDESWIPE,No,Unk.,No,Cross intersection,Other injury accident,50 km/hr,No,46387.0,144.35263,-38.14741,Intersection,GEELONG,SOUTH WESTERN REGION,2443251.231,2372468.203,2.0,1.0,0.0,0.0,1.0,1.0,1.0,1.0,0.0,0.0,2.0,0.0,0.0,0.0,0.0,0.0,0.0,0.0,0.0,0.0,No,0.0,2.0,1.0,1.0,0.0,0.0,LARGE_PROVINCIAL_CITIES,LARGE_PROVINCIAL_CITIES,GEELONG,SOUTH WESTERN REGION,A,"A,B",Arterial Highway,Arterial Highway,Divided,"Div,Undiv",Country
51880,3453624.0,T20170002673,ABS to receive accident,Finished,10/2/2017,14.40.00,No,Collision with a fixed object,Friday,LEFT OFF CARRIAGEWAY INTO OBJECT/PARKED VEHICLE,No,Day,Yes,Not at intersection,Serious injury accident,80 km/hr,Yes,313988.0,144.63703,-38.21614,Non-Intersection,GEELONG,SOUTH WESTERN REGION,2468211.183,2364971.499,1.0,1.0,0.0,1.0,0.0,0.0,0.0,1.0,0.0,0.0,1.0,0.0,0.0,0.0,0.0,0.0,0.0,0.0,0.0,0.0,No,0.0,1.0,0.0,1.0,0.0,0.0,RURAL_VICTORIA,RURAL_VICTORIA,GEELONG,SOUTH WESTERN REGION,C,C,Arterial Other,Arterial Other,Undivided,Undiv,Country
51884,3453628.0,T20170002678,ABS to receive accident,Finished,10/2/2017,11.20.00,No,Collision with vehicle,Friday,RIGHT FAR (INTERSECTIONS ONLY),Yes,Day,Yes,Cross intersection,Other injury accident,70 km/hr,No,50051.0,144.35018,-38.1604,Intersection,GEELONG,SOUTH WESTERN REGION,2443046.891,2371025.4680000003,2.0,1.0,0.0,0.0,1.0,1.0,0.0,1.0,0.0,0.0,2.0,0.0,0.0,0.0,0.0,0.0,0.0,0.0,0.0,0.0,No,0.0,2.0,0.0,2.0,0.0,0.0,LARGE_PROVINCIAL_CITIES,LARGE_PROVINCIAL_CITIES,GEELONG,SOUTH WESTERN REGION,A,"A,C",Arterial Highway,"Arterial Highway,Arterial Other",Divided,"Div,Undiv",Country
52064,3453808.0,T20170003582,ABS to receive accident,Finished,22/2/2017,14.05.00,No,Collision with a fixed object,Wednesday,OFF RIGHT BEND INTO OBJECT/PARKED VEHICLE,No,Day,No,Not at intersection,Other injury accident,70 km/hr,Yes,314364.0,144.35491000000002,-38.113009999999996,Non-Intersection,GEELONG,SOUTH WESTERN REGION,2443425.621,2376288.464,1.0,1.0,0.0,0.0,1.0,0.0,0.0,1.0,0.0,0.0,1.0,0.0,0.0,0.0,0.0,0.0,0.0,0.0,0.0,0.0,No,0.0,1.0,0.0,1.0,0.0,0.0,LARGE_PROVINCIAL_CITIES,LARGE_PROVINCIAL_CITIES,GEELONG,SOUTH WESTERN REGION,A,A,Arterial Highway,Arterial Highway,Divided,Div,Country
52073,3453817.0,T20170002367,ABS to receive accident,Finished,6/2/2017,16.00.00,No,Fall from or in moving vehicle,Monday,FELL IN/FROM VEHICLE,No,Day,Yes,Not at intersection,Serious injury accident,60 km/hr,No,314377.0,144.34467,-38.18383,Non-Intersection,GEELONG,SOUTH WESTERN REGION,2442581.471,2368421.1890000002,2.0,1.0,0.0,1.0,0.0,1.0,1.0,1.0,0.0,1.0,1.0,0.0,0.0,0.0,0.0,0.0,0.0,0.0,0.0,0.0,No,0.0,1.0,0.0,1.0,0.0,0.0,LARGE_PROVINCIAL_CITIES,LARGE_PROVINCIAL_CITIES,GEELONG,SOUTH WESTERN REGION,B,B,Arterial Highway,Arterial Highway,Divided,Div,Country
52111,3453855.0,T20170003597,ABS to receive accident,Finished,17/2/2017,21.00.00,Yes,No collision and no object struck,Friday,OUT OF CONTROL ON CARRIAGEWAY (ON STRAIGHT),No,Dark No street lights,No,Multiple intersection,Other injury accident,Not known,No,314408.0,144.28714,-38.21886,Non-Intersection,GEELONG,SOUTH WESTERN REGION,2437570.445,2364496.508,1.0,1.0,0.0,0.0,1.0,0.0,1.0,0.0,0.0,0.0,0.0,0.0,0.0,1.0,0.0,0.0,0.0,0.0,0.0,0.0,No,0.0,1.0,0.0,0.0,1.0,0.0,RURAL_VICTORIA,RURAL_VICTORIA,GEELONG,SOUTH WESTERN REGION,C,C,Arterial Other,Arterial Other,Divided,Div,Country
52234,3453978.0,T20170002458,ABS to receive accident,Finished,8/2/2017,03.59.00,Yes,Collision with vehicle,Wednesday,HEAD ON (NOT OVERTAKING),No,Dark Street lights on,Yes,Not at intersection,Serious injury accident,60 km/hr,No,313814.0,144.33713999999998,-38.0819,Non-Intersection,GEELONG,SOUTH WESTERN REGION,2441843.096,2379730.944,4.0,1.0,0.0,1.0,0.0,3.0,1.0,1.0,0.0,2.0,2.0,0.0,0.0,0.0,0.0,0.0,0.0,0.0,0.0,1.0,No,0.0,2.0,0.0,2.0,0.0,0.0,LARGE_PROVINCIAL_CITIES,LARGE_PROVINCIAL_CITIES,GEELONG,SOUTH WESTERN REGION,C,C,Arterial Other,Arterial Other,Undivided,Undiv,Country
52242,3453986.0,T20170002832,ABS to receive accident,Finished,12/2/2017,20.00.00,Yes,Collision with vehicle,Sunday,RIGHT/LEFT FAR (INTERSECTIONS ONLY),No,Day,Yes,T intersection,Other injury accident,60 km/hr,No,15435.0,144.34241,-38.19567,Intersection,GEELONG,SOUTH WESTERN REGION,2442392.544,2367105.562,3.0,2.0,0.0,0.0,2.0,1.0,1.0,1.0,0.0,1.0,2.0,0.0,0.0,0.0,0.0,0.0,0.0,0.0,0.0,1.0,No,0.0,2.0,0.0,2.0,0.0,0.0,LARGE_PROVINCIAL_CITIES,LARGE_PROVINCIAL_CITIES,GEELONG,SOUTH WESTERN REGION,B,B,Arterial Highway,"Arterial Highway,Local Road",Divided,"Div,Undiv",Country
52273,3454017.0,T20170003676,ABS to receive accident,Finished,23/2/2017,10.45.00,No,Collision with vehicle,Thursday,LEFT REAR,No,Day,Yes,Not at intersection,Other injury accident,60 km/hr,No,314521.0,144.34615,-38.111129999999996,Non-Intersection,GEELONG,SOUTH WESTERN REGION,2442655.845,2376491.4,3.0,1.0,0.0,0.0,1.0,2.0,2.0,1.0,0.0,1.0,2.0,0.0,0.0,0.0,0.0,0.0,0.0,0.0,0.0,0.0,No,0.0,2.0,0.0,2.0,0.0,0.0,LARGE_PROVINCIAL_CITIES,LARGE_PROVINCIAL_CITIES,GEELONG,SOUTH WESTERN REGION,C,C,Arterial Other,Arterial Other,Undivided,Undiv,Country
52289,3454033.0,T20170002846,ABS to receive accident,Finished,13/2/2017,06.40.00,Yes,Collision with vehicle,Sunday,LANE CHANGE RIGHT (NOT OVERTAKING),No,Day,Yes,Multiple intersection,Other injury accident,70 km/hr,No,278559.0,144.3582,-38.06021,Intersection,GEELONG,SOUTH WESTERN REGION,2443674.747,2382151.483,3.0,1.0,0.0,0.0,1.0,2.0,3.0,0.0,0.0,1.0,2.0,0.0,0.0,0.0,0.0,0.0,0.0,0.0,0.0,1.0,No,0.0,2.0,0.0,2.0,0.0,0.0,RURAL_VICTORIA,RURAL_VICTORIA,GEELONG,SOUTH WESTERN REGION,M,"M,C",Freeway,"Freeway,Arterial Other",Divided,"Div,Undiv",Country
52335,3454079.0,T20170002497,ABS to receive accident,Finished,23/12/2016,12.35.00,No,Collision with a fixed object,Friday,LEFT OFF CARRIAGEWAY INTO OBJECT/PARKED VEHICLE,No,Unk.,Yes,Not at intersection,Other injury accident,70 km/hr,Yes,313857.0,144.34007,-38.20814,Non-Intersection,GEELONG,SOUTH WESTERN REGION,2442197.4069999997,2365719.841,2.0,1.0,0.0,0.0,1.0,1.0,1.0,1.0,0.0,1.0,1.0,0.0,0.0,0.0,0.0,0.0,0.0,0.0,0.0,1.0,No,0.0,1.0,0.0,1.0,0.0,0.0,LARGE_PROVINCIAL_CITIES,LARGE_PROVINCIAL_CITIES,GEELONG,SOUTH WESTERN REGION,B,B,Arterial Highway,Arterial Highway,Divided,Div,Country
52336,3454080.0,T20170002499,ABS to receive accident,Finished,8/2/2017,12.15.00,No,No collision and no object struck,Wednesday,OUT OF CONTROL ON CARRIAGEWAY (ON STRAIGHT),Yes,Unk.,No,Cross intersection,Other injury accident,60 km/hr,No,44466.0,144.35731,-38.14861,Intersection,GEELONG,SOUTH WESTERN REGION,2443662.329,2372338.111,2.0,1.0,0.0,0.0,1.0,1.0,0.0,1.0,0.0,0.0,0.0,0.0,0.0,1.0,1.0,0.0,0.0,0.0,0.0,0.0,No,0.0,2.0,0.0,0.0,1.0,0.0,LARGE_PROVINCIAL_CITIES,LARGE_PROVINCIAL_CITIES,GEELONG,SOUTH WESTERN REGION,C,C,Arterial Other,"Arterial Other,Local Road",Divided,"Div,Undiv",Country
52362,3454106.0,T20170007637,ABS to receive accident,Finished,16/4/2017,02.58.00,Yes,Collision with a fixed object,Sunday,RIGHT OFF CARRIAGEWAY INTO OBJECT/PARKED VEHICLE,No,Dark Street lights on,Yes,Not at intersection,Serious injury accident,60 km/hr,Yes,320807.0,144.34621,-38.082679999999996,Non-Intersection,GEELONG,SOUTH WESTERN REGION,2442639.652,2379650.244,1.0,1.0,0.0,1.0,0.0,0.0,1.0,0.0,0.0,0.0,1.0,0.0,0.0,0.0,0.0,0.0,0.0,0.0,0.0,0.0,Yes,0.0,1.0,0.0,1.0,0.0,0.0,LARGE_PROVINCIAL_CITIES,LARGE_PROVINCIAL_CITIES,GEELONG,SOUTH WESTERN REGION,C,C,Arterial Other,Arterial Other,Divided,Div,Country
52375,3454119.0,T20170008035,ABS to receive accident,Finished,14/1/2017,16.20.00,Yes,Collision with vehicle,Saturday,RIGHT REAR.,No,Day,No,Not at intersection,Other injury accident,60 km/hr,No,316987.0,144.37497,-38.17957,Non-Intersection,GEELONG,SOUTH WESTERN REGION,2445233.349,2368912.318,2.0,1.0,0.0,0.0,1.0,1.0,1.0,1.0,0.0,0.0,2.0,0.0,0.0,0.0,0.0,0.0,0.0,0.0,0.0,1.0,No,0.0,2.0,0.0,2.0,0.0,0.0,LARGE_PROVINCIAL_CITIES,LARGE_PROVINCIAL_CITIES,GEELONG,SOUTH WESTERN REGION,C,C,Arterial Other,Arterial Other,Undivided,Undiv,Country
52423,3454167.0,T20170008048,ABS to receive accident,Finished,21/4/2017,14.00.00,No,Collision with vehicle,Friday,RIGHT NEAR (INTERSECTIONS ONLY),No,Day,Yes,T intersection,Other injury accident,60 km/hr,No,49709.0,144.33588999999998,-38.08824,Intersection,GEELONG,SOUTH WESTERN REGION,2441738.547,2379025.9790000003,2.0,2.0,0.0,0.0,2.0,0.0,0.0,2.0,0.0,0.0,2.0,0.0,0.0,0.0,0.0,0.0,0.0,0.0,0.0,0.0,No,0.0,2.0,0.0,2.0,0.0,0.0,LARGE_PROVINCIAL_CITIES,LARGE_PROVINCIAL_CITIES,GEELONG,SOUTH WESTERN REGION,C,C,Arterial Other,"Arterial Other,Local Road",Undivided,Undiv,Country
52424,3454168.0,T20170008051,ABS to receive accident,Finished,22/4/2017,13.47.00,No,Collision with a fixed object,Saturday,RIGHT OFF CARRIAGEWAY INTO OBJECT/PARKED VEHICLE,No,Day,Yes,Not at intersection,Serious injury accident,100 km/hr,Yes,317203.0,144.40341,-38.04721,Non-Intersection,GEELONG,SOUTH WESTERN REGION,2447632.998,2383620.115,1.0,1.0,0.0,1.0,0.0,0.0,0.0,1.0,0.0,0.0,1.0,0.0,0.0,0.0,0.0,0.0,0.0,0.0,1.0,0.0,No,0.0,1.0,0.0,1.0,0.0,0.0,RURAL_VICTORIA,RURAL_VICTORIA,GEELONG,SOUTH WESTERN REGION,M,M,Freeway,Freeway,Divided,Div,Country
52464,3454208.0,T20170007691,ABS to receive accident,Finished,17/4/2017,13.55.00,No,Collision with vehicle,Monday,RIGHT THROUGH,No,Day,Yes,T intersection,Other injury accident,70 km/hr,No,45881.0,144.35116000000002,-38.13341,Intersection,GEELONG,SOUTH WESTERN REGION,2443111.7569999998,2374022.119,5.0,3.0,0.0,0.0,3.0,2.0,3.0,2.0,0.0,3.0,2.0,0.0,0.0,0.0,0.0,0.0,0.0,0.0,0.0,0.0,No,0.0,2.0,0.0,2.0,0.0,0.0,LARGE_PROVINCIAL_CITIES,LARGE_PROVINCIAL_CITIES,GEELONG,SOUTH WESTERN REGION,A,A,Arterial Highway,Arterial Highway,Divided,Div,Country
52467,3454211.0,T20170007697,ABS to receive accident,Finished,17/4/2017,15.23.00,No,Struck Pedestrian,Monday,PED EMERGES FROM IN FRONT OF PARKED OR STATIONARY VEHICLE,No,Day,Yes,Not at intersection,Serious injury accident,100 km/hr,No,316750.0,144.49286999999998,-38.19997,Non-Intersection,GEELONG,SOUTH WESTERN REGION,2455576.196,2366709.16,3.0,1.0,0.0,1.0,0.0,2.0,2.0,1.0,0.0,1.0,1.0,1.0,0.0,0.0,0.0,0.0,0.0,0.0,0.0,0.0,No,0.0,1.0,0.0,1.0,0.0,0.0,RURAL_VICTORIA,RURAL_VICTORIA,GEELONG,SOUTH WESTERN REGION,B,B,Arterial Highway,Arterial Highway,Divided,Div,Country
52495,3454239.0,T20170008501,ABS to receive accident,Finished,29/4/2017,13.00.00,No,Collision with vehicle,Friday,REAR END(VEHICLES IN SAME LANE),No,Day,No,T intersection,Other injury accident,70 km/hr,No,50253.0,144.33986000000002,-38.20857,Intersection,GEELONG,SOUTH WESTERN REGION,2442179.699,2365671.716,2.0,1.0,0.0,0.0,1.0,1.0,2.0,0.0,0.0,0.0,2.0,0.0,0.0,0.0,0.0,0.0,0.0,0.0,0.0,1.0,No,0.0,2.0,0.0,2.0,0.0,0.0,LARGE_PROVINCIAL_CITIES,LARGE_PROVINCIAL_CITIES,GEELONG,SOUTH WESTERN REGION,B,B,Arterial Highway,"Arterial Highway,Local Road",Divided,"Div,Undiv",Country
52633,3454377.0,T20170008164,ABS to receive accident,Finished,24/4/2017,02.30.00,Yes,Collision with vehicle,Sunday,RIGHT NEAR (INTERSECTIONS ONLY),No,Unk.,Yes,T intersection,Other injury accident,60 km/hr,No,71600.0,144.34306,-38.112559999999995,Intersection,GEELONG,SOUTH WESTERN REGION,2442385.877,2376330.994,3.0,2.0,0.0,0.0,2.0,1.0,1.0,2.0,0.0,1.0,2.0,0.0,0.0,0.0,0.0,0.0,0.0,0.0,0.0,0.0,No,0.0,2.0,0.0,2.0,0.0,0.0,LARGE_PROVINCIAL_CITIES,LARGE_PROVINCIAL_CITIES,GEELONG,SOUTH WESTERN REGION,C,C,Arterial Other,"Arterial Other,Local Road",Undivided,Undiv,Country
52766,3454510.0,T20170007441,ABS to receive accident,Finished,3/3/2017,14.00.00,No,No collision and no object struck,Friday,OTHER ACCIDENTS-OFF STRAIGHT NOT INCLUDED IN DCAs 170-175,No,Day,No,Not at intersection,Other injury accident,100 km/hr,No,316424.0,144.33456999999999,-38.075559999999996,Non-Intersection,GEELONG,SOUTH WESTERN REGION,2441612.861,2380433.0640000002,1.0,1.0,0.0,0.0,1.0,0.0,1.0,0.0,0.0,0.0,1.0,0.0,0.0,0.0,0.0,0.0,0.0,0.0,0.0,0.0,No,0.0,1.0,0.0,1.0,0.0,0.0,LARGE_PROVINCIAL_CITIES,LARGE_PROVINCIAL_CITIES,GEELONG,SOUTH WESTERN REGION,M,M,Freeway,Freeway,Divided,Div,Country
52814,3454558.0,T20170007454,ABS to receive accident,Finished,27/3/2017,09.00.00,No,Collision with vehicle,Monday,REAR END(VEHICLES IN SAME LANE),No,Day,No,Not at intersection,Other injury accident,70 km/hr,No,316468.0,144.34687,-38.18197,Non-Intersection,GEELONG,SOUTH WESTERN REGION,2442772.8819999998,2368629.445,2.0,1.0,0.0,0.0,1.0,1.0,1.0,1.0,0.0,0.0,2.0,0.0,0.0,0.0,0.0,0.0,0.0,0.0,0.0,1.0,No,0.0,2.0,0.0,2.0,0.0,0.0,LARGE_PROVINCIAL_CITIES,LARGE_PROVINCIAL_CITIES,GEELONG,SOUTH WESTERN REGION,A,A,Arterial Highway,Arterial Highway,Divided,Div,Country
52854,3454598.0,T20170007116,ABS to receive accident,Finished,8/4/2017,22.20.00,Yes,Collision with a fixed object,Saturday,LEFT OFF CARRIAGEWAY INTO OBJECT/PARKED VEHICLE,No,Dark Street lights on,Yes,Cross intersection,Other injury accident,70 km/hr,Yes,29799.0,144.33037,-38.116,Intersection,GEELONG,SOUTH WESTERN REGION,2441275.579,2375941.705,1.0,1.0,0.0,0.0,1.0,0.0,0.0,1.0,0.0,0.0,1.0,0.0,0.0,0.0,0.0,0.0,0.0,0.0,0.0,1.0,No,0.0,1.0,0.0,1.0,0.0,0.0,LARGE_PROVINCIAL_CITIES,LARGE_PROVINCIAL_CITIES,GEELONG,SOUTH WESTERN REGION,A,"A,C",Arterial Highway,"Arterial Highway,Arterial Other",Divided,"Div,Undiv",Country
52881,3454625.0,T20170007888,ABS to receive accident,Finished,19/2/2017,16.00.00,Yes,Collision with vehicle,Sunday,PULLING OUT -REAR END,No,Day,No,Not at intersection,Serious injury accident,70 km/hr,No,72370.0,144.38958,-38.16995,Intersection,GEELONG,SOUTH WESTERN REGION,2446506.5730000003,2369987.597,3.0,1.0,0.0,1.0,0.0,2.0,2.0,0.0,0.0,0.0,2.0,0.0,0.0,0.0,1.0,0.0,0.0,0.0,0.0,1.0,No,0.0,3.0,0.0,2.0,0.0,0.0,LARGE_PROVINCIAL_CITIES,LARGE_PROVINCIAL_CITIES,GEELONG,SOUTH WESTERN REGION,B,B,Arterial Highway,"Arterial Highway,Local Road",Divided,"Div,Undiv",Country
52957,3454701.0,T20170007167,ABS to receive accident,Finished,7/4/2017,21.00.00,Yes,Collision with vehicle,Thursday,CROSS TRAFFIC(INTERSECTIONS ONLY),No,Dark Street lights on,Yes,Cross intersection,Other injury accident,50 km/hr,No,44474.0,144.36231,-38.150040000000004,Intersection,GEELONG,SOUTH WESTERN REGION,2444102.4069999997,2372182.7369999997,9.0,2.0,0.0,0.0,2.0,7.0,4.0,5.0,0.0,6.0,3.0,0.0,0.0,0.0,0.0,0.0,0.0,0.0,0.0,1.0,No,0.0,3.0,0.0,3.0,0.0,0.0,LARGE_PROVINCIAL_CITIES,LARGE_PROVINCIAL_CITIES,GEELONG,SOUTH WESTERN REGION,C,C,Arterial Other,"Arterial Other,Local Road",Divided,"Div,Undiv",Country
53037,3454781.0,T20170007963,ABS to receive accident,Finished,7/2/2017,09.15.00,No,Collision with vehicle,Monday,LEFT REAR,No,Unk.,No,T intersection,Other injury accident,50 km/hr,No,54497.0,144.35289,-38.151990000000005,Intersection,GEELONG,SOUTH WESTERN REGION,2443278.095,2371960.2169999997,2.0,1.0,0.0,0.0,1.0,1.0,1.0,1.0,0.0,0.0,2.0,0.0,0.0,0.0,0.0,0.0,0.0,0.0,0.0,0.0,No,0.0,2.0,0.0,2.0,0.0,0.0,LARGE_PROVINCIAL_CITIES,LARGE_PROVINCIAL_CITIES,GEELONG,SOUTH WESTERN REGION,B,B,Arterial Highway,"Arterial Highway,Local Road",Divided,"Div,Undiv",Country
53049,3454793.0,T20170008349,ABS to receive accident,Finished,19/4/2017,16.15.00,No,Collision with vehicle,Wednesday,REAR END(VEHICLES IN SAME LANE),No,Day,No,Not at intersection,Other injury accident,60 km/hr,No,187382.0,144.34185,-38.19788,Non-Intersection,GEELONG,SOUTH WESTERN REGION,2442345.065,2366859.886,2.0,1.0,0.0,0.0,1.0,1.0,1.0,1.0,0.0,0.0,2.0,0.0,0.0,0.0,0.0,0.0,0.0,0.0,0.0,1.0,No,0.0,2.0,0.0,2.0,0.0,0.0,LARGE_PROVINCIAL_CITIES,LARGE_PROVINCIAL_CITIES,GEELONG,SOUTH WESTERN REGION,B,B,Arterial Highway,Arterial Highway,Divided,Div,Country
53074,3454818.0,T20170007576,ABS to receive accident,Finished,15/4/2017,12.05.00,No,Collision with vehicle,Saturday,RIGHT THROUGH,No,Day,Yes,Not at intersection,Serious injury accident,50 km/hr,No,316502.0,144.5612,-38.17869,Non-Intersection,GEELONG,SOUTH WESTERN REGION,2461550.663,2369100.812,3.0,1.0,0.0,1.0,0.0,2.0,2.0,1.0,0.0,1.0,1.0,0.0,0.0,1.0,0.0,0.0,0.0,0.0,1.0,0.0,No,0.0,2.0,0.0,1.0,1.0,0.0,SMALL_CITIES,SMALL_CITIES,GEELONG,SOUTH WESTERN REGION,C,C,Arterial Other,Arterial Other,Undivided,Undiv,Country
53104,3454848.0,T20170008370,ABS to receive accident,Finished,27/4/2017,06.15.00,No,Collision with vehicle,Thursday,LANE SIDE SWIPE (VEHICLES IN PARALLEL LANES),Not known,Dusk/Dawn,No,Not at intersection,Other injury accident,60 km/hr,No,320447.0,144.36428,-38.15059,Non-Intersection,GEELONG,SOUTH WESTERN REGION,2444274.853,2372122.035,2.0,1.0,0.0,0.0,1.0,1.0,2.0,0.0,1.0,0.0,1.0,0.0,0.0,0.0,0.0,0.0,0.0,0.0,0.0,1.0,No,0.0,2.0,0.0,0.0,0.0,0.0,LARGE_PROVINCIAL_CITIES,LARGE_PROVINCIAL_CITIES,GEELONG,SOUTH WESTERN REGION,C,C,Arterial Other,Arterial Other,Divided,Div,Country
53118,3454862.0,T20170007242,ABS to receive accident,Finished,10/4/2017,17.15.00,Yes,Collision with vehicle,Sunday,RIGHT THROUGH,No,Day,Yes,Cross intersection,Serious injury accident,70 km/hr,No,33419.0,144.3503,-38.16053,Intersection,GEELONG,SOUTH WESTERN REGION,2443057.266,2371011.419,2.0,1.0,0.0,1.0,0.0,1.0,1.0,1.0,0.0,0.0,2.0,0.0,0.0,0.0,0.0,0.0,0.0,0.0,0.0,0.0,No,0.0,2.0,0.0,2.0,0.0,0.0,LARGE_PROVINCIAL_CITIES,LARGE_PROVINCIAL_CITIES,GEELONG,SOUTH WESTERN REGION,A,"A,C",Arterial Highway,"Arterial Highway,Arterial Other",Divided,"Div,Undiv",Country
53144,3454888.0,T20170008014,ABS to receive accident,Finished,21/4/2017,19.25.00,Yes,Struck Pedestrian,Friday,PED NEAR SIDE. PED HIT BY VEHICLE FROM THE RIGHT.,No,Dark Street lights on,Yes,T intersection,Serious injury accident,70 km/hr,No,49906.0,144.35334,-38.14444,Intersection,GEELONG,SOUTH WESTERN REGION,2443311.551,2372799.3,5.0,1.0,0.0,1.0,0.0,4.0,2.0,3.0,0.0,2.0,2.0,1.0,0.0,0.0,0.0,0.0,0.0,0.0,0.0,0.0,No,0.0,2.0,0.0,2.0,0.0,0.0,LARGE_PROVINCIAL_CITIES,LARGE_PROVINCIAL_CITIES,GEELONG,SOUTH WESTERN REGION,A,A,Arterial Highway,"Arterial Highway,Local Road",Divided,"Div,Undiv",Country