,OBJECTID,ACCIDENT_NO,ABS_CODE,ACCIDENT_STATUS,ACCIDENT_DATE,ACCIDENT_TIME,ALCOHOLTIME,ACCIDENT_TYPE,DAY_OF_WEEK,DCA_CODE,HIT_RUN_FLAG,LIGHT_CONDITION,POLICE_ATTEND,ROAD_GEOMETRY,SEVERITY,SPEED_ZONE,RUN_OFFROAD,NODE_ID,LONGITUDE,LATITUDE,NODE_TYPE,LGA_NAME,REGION_NAME,VICGRID_X,VICGRID_Y,TOTAL_PERSONS,INJ_OR_FATAL,FATALITY,SERIOUSINJURY,OTHERINJURY,NONINJURED,MALES,FEMALES,BICYCLIST,PASSENGER,DRIVER,PEDESTRIAN,PILLION,MOTORIST,UNKNOWN,PED_CYCLIST_5_12,PED_CYCLIST_13_18,OLD_PEDESTRIAN,OLD_DRIVER,YOUNG_DRIVER,ALCOHOL_RELATED,UNLICENCSED,NO_OF_VEHICLES,HEAVYVEHICLE,PASSENGERVEHICLE,MOTORCYCLE,PUBLICVEHICLE,DEG_URBAN_NAME,DEG_URBAN_ALL,LGA_NAME_ALL,REGION_NAME_ALL,SRNS,SRNS_ALL,RMA,RMA_ALL,DIVIDED,DIVIDED_ALL,STAT_DIV_NAME
66726,3468470.0,T20180007294,ABS to receive accident,Finished,14/4/2018,10.00.00,No,Collision with vehicle,Friday,LANE CHANGE LEFT (NOT OVERTAKING),No,Day,Yes,Not at intersection,Other injury accident,100 km/hr,No,330716.0,144.32145,-38.09673,Non-Intersection,GEELONG,SOUTH WESTERN REGION,2440478.579,2378075.068,2.0,1.0,0.0,0.0,1.0,1.0,1.0,1.0,0.0,0.0,2.0,0.0,0.0,0.0,0.0,0.0,0.0,0.0,0.0,0.0,No,0.0,2.0,1.0,1.0,0.0,0.0,RURAL_VICTORIA,RURAL_VICTORIA,GEELONG,SOUTH WESTERN REGION,M,M,Freeway,Freeway,Divided,Div,Country
66752,3468496.0,T20180008167,ABS to receive accident,Finished,17/10/2017,15.50.00,No,Collision with vehicle,Tuesday,RIGHT THROUGH,No,Day,No,Cross intersection,Other injury accident,Not known,No,49902.0,144.3358,-38.14348,Intersection,GEELONG,SOUTH WESTERN REGION,2441773.67,2372894.421,2.0,1.0,0.0,0.0,1.0,1.0,2.0,0.0,0.0,0.0,1.0,0.0,0.0,1.0,0.0,0.0,0.0,0.0,0.0,0.0,No,0.0,2.0,0.0,1.0,1.0,0.0,LARGE_PROVINCIAL_CITIES,LARGE_PROVINCIAL_CITIES,GEELONG,SOUTH WESTERN REGION,C,C,Arterial Other,"Arterial Other,Local Road",Undivided,Undiv,Country
66784,3468528.0,T20180007728,ABS to receive accident,Finished,24/4/2018,10.40.00,No,Collision with a fixed object,Tuesday,LEFT OFF CARRIAGEWAY INTO OBJECT/PARKED VEHICLE,No,Day,Yes,Not at intersection,Serious injury accident,80 km/hr,Yes,329793.0,144.44013999999999,-38.18357,Non-Intersection,GEELONG,SOUTH WESTERN REGION,2450946.0640000002,2368503.38,1.0,1.0,0.0,1.0,0.0,0.0,1.0,0.0,0.0,0.0,1.0,0.0,0.0,0.0,0.0,0.0,0.0,0.0,0.0,1.0,No,0.0,1.0,0.0,1.0,0.0,0.0,RURAL_VICTORIA,RURAL_VICTORIA,GEELONG,SOUTH WESTERN REGION,B,B,Arterial Highway,Arterial Highway,Divided,Div,Country
66815,3468559.0,T20180008647,ABS to receive accident,Finished,7/5/2018,17.48.00,No,Collision with vehicle,Monday,RIGHT THROUGH,No,Dark Street lights on,Yes,T intersection,Other injury accident,60 km/hr,No,49738.0,144.33432,-38.0963,Intersection,GEELONG,SOUTH WESTERN REGION,2441606.707,2378130.866,2.0,1.0,0.0,0.0,1.0,1.0,2.0,0.0,0.0,0.0,2.0,0.0,0.0,0.0,0.0,0.0,0.0,0.0,0.0,1.0,No,0.0,2.0,0.0,2.0,0.0,0.0,LARGE_PROVINCIAL_CITIES,LARGE_PROVINCIAL_CITIES,GEELONG,SOUTH WESTERN REGION,C,C,Arterial Other,"Arterial Other,Local Road",Undivided,Undiv,Country
66908,3468652.0,T20180008257,ABS to receive accident,Finished,2/5/2018,08.30.00,No,Collision with vehicle,Tuesday,RIGHT THROUGH,No,Day,Yes,T intersection,Other injury accident,70 km/hr,No,16155.0,144.34358999999998,-38.18858,Intersection,GEELONG,SOUTH WESTERN REGION,2442490.64,2367893.353,2.0,1.0,0.0,0.0,1.0,1.0,0.0,2.0,0.0,0.0,2.0,0.0,0.0,0.0,0.0,0.0,0.0,0.0,0.0,0.0,No,0.0,2.0,0.0,2.0,0.0,0.0,LARGE_PROVINCIAL_CITIES,LARGE_PROVINCIAL_CITIES,GEELONG,SOUTH WESTERN REGION,B,B,Arterial Highway,"Arterial Highway,Local Road",Divided,"Div,Undiv",Country
66912,3468656.0,T20180008268,ABS to receive accident,Finished,2/5/2018,11.25.00,No,Collision with vehicle,Wednesday,REAR END(VEHICLES IN SAME LANE),No,Day,Yes,T intersection,Other injury accident,40 km/hr,No,330046.0,144.33688,-38.138059999999996,Non-Intersection,GEELONG,SOUTH WESTERN REGION,2441863.5730000003,2373497.055,2.0,1.0,0.0,0.0,1.0,1.0,1.0,1.0,0.0,0.0,2.0,0.0,0.0,0.0,0.0,0.0,0.0,0.0,1.0,0.0,No,0.0,2.0,0.0,2.0,0.0,0.0,LARGE_PROVINCIAL_CITIES,LARGE_PROVINCIAL_CITIES,GEELONG,SOUTH WESTERN REGION,C,C,Arterial Other,Arterial Other,Undivided,Undiv,Country
66916,3468660.0,T20180008690,ABS to receive accident,Finished,24/4/2018,14.30.00,No,Collision with vehicle,Tuesday,VEHICLE STRIKES ANOTHER VEH WHILE EMERGING FROM DRIVEWAY,No,Day,No,Cross intersection,Other injury accident,Not known,No,55889.0,144.3936,-38.15922,Intersection,GEELONG,SOUTH WESTERN REGION,2446851.586,2371181.413,2.0,1.0,0.0,0.0,1.0,1.0,0.0,2.0,0.0,0.0,2.0,0.0,0.0,0.0,0.0,0.0,0.0,0.0,1.0,0.0,No,0.0,2.0,0.0,2.0,0.0,0.0,LARGE_PROVINCIAL_CITIES,LARGE_PROVINCIAL_CITIES,GEELONG,SOUTH WESTERN REGION,C,C,Arterial Other,"Arterial Other,Local Road",Divided,"Div,Undiv",Country
66921,3468665.0,T20180008698,ABS to receive accident,Finished,8/5/2018,08.00.00,No,Collision with vehicle,Tuesday,REAR END(VEHICLES IN SAME LANE),No,Day,Yes,Not at intersection,Other injury accident,80 km/hr,No,330292.0,144.36075,-38.08227,Non-Intersection,GEELONG,SOUTH WESTERN REGION,2443914.972,2379703.909,2.0,1.0,0.0,0.0,1.0,1.0,1.0,1.0,0.0,0.0,2.0,0.0,0.0,0.0,0.0,0.0,0.0,0.0,0.0,0.0,No,0.0,2.0,0.0,2.0,0.0,0.0,LARGE_PROVINCIAL_CITIES,LARGE_PROVINCIAL_CITIES,GEELONG,SOUTH WESTERN REGION,A,A,Arterial Highway,Arterial Highway,Divided,Div,Country
66970,3468714.0,T20180008716,ABS to receive accident,Finished,8/5/2018,15.40.00,No,Collision with vehicle,Tuesday,RIGHT NEAR (INTERSECTIONS ONLY),No,Day,Yes,T intersection,Serious injury accident,60 km/hr,No,49763.0,144.33248999999998,-38.10581,Intersection,GEELONG,SOUTH WESTERN REGION,2441453.82,2377074.6119999997,2.0,1.0,0.0,1.0,0.0,1.0,1.0,1.0,0.0,0.0,1.0,0.0,0.0,1.0,0.0,0.0,0.0,0.0,0.0,0.0,No,0.0,2.0,0.0,1.0,1.0,0.0,LARGE_PROVINCIAL_CITIES,LARGE_PROVINCIAL_CITIES,GEELONG,SOUTH WESTERN REGION,C,C,Arterial Other,"Arterial Other,Local Road",Undivided,Undiv,Country
66978,3468722.0,T20180008731,ABS to receive accident,Finished,8/5/2018,17.09.00,No,Collision with vehicle,Tuesday,RIGHT NEAR (INTERSECTIONS ONLY),No,Day,Yes,T intersection,Other injury accident,60 km/hr,No,286875.0,144.30074,-38.17096,Intersection,GEELONG,SOUTH WESTERN REGION,2438721.799,2369822.799,3.0,2.0,0.0,0.0,2.0,1.0,2.0,1.0,0.0,1.0,2.0,0.0,0.0,0.0,0.0,0.0,0.0,0.0,0.0,1.0,No,0.0,2.0,0.0,2.0,0.0,0.0,LARGE_PROVINCIAL_CITIES,LARGE_PROVINCIAL_CITIES,GEELONG,SOUTH WESTERN REGION,C,C,Arterial Other,"Arterial Other,Local Road",Undivided,Undiv,Country
66986,3468730.0,T20180007427,ABS to receive accident,Finished,19/4/2018,19.40.00,Yes,No collision and no object struck,Thursday,OUT OF CONTROL ON CARRIAGEWAY (ON STRAIGHT),Not known,Dark Street lights on,Yes,Cross intersection,Other injury accident,70 km/hr,No,50051.0,144.35018,-38.1604,Intersection,GEELONG,SOUTH WESTERN REGION,2443046.891,2371025.4680000003,1.0,1.0,0.0,0.0,1.0,0.0,1.0,0.0,0.0,0.0,0.0,0.0,0.0,1.0,0.0,0.0,0.0,0.0,0.0,0.0,No,0.0,1.0,0.0,0.0,1.0,0.0,LARGE_PROVINCIAL_CITIES,LARGE_PROVINCIAL_CITIES,GEELONG,SOUTH WESTERN REGION,A,"A,C",Arterial Highway,"Arterial Highway,Arterial Other",Divided,"Div,Undiv",Country
66998,3468742.0,T20180007839,ABS to receive accident,Finished,26/4/2018,11.30.00,No,Collision with vehicle,Thursday,RIGHT THROUGH,No,Day,Yes,Not at intersection,Serious injury accident,60 km/hr,No,329994.0,144.33545,-38.090509999999995,Non-Intersection,GEELONG,SOUTH WESTERN REGION,2441701.581,2378774.2,2.0,1.0,0.0,1.0,0.0,1.0,2.0,0.0,0.0,0.0,1.0,0.0,0.0,1.0,0.0,0.0,0.0,0.0,0.0,0.0,No,0.0,2.0,0.0,1.0,1.0,0.0,LARGE_PROVINCIAL_CITIES,LARGE_PROVINCIAL_CITIES,GEELONG,SOUTH WESTERN REGION,C,C,Arterial Other,Arterial Other,Undivided,Undiv,Country
67219,3468963.0,T20180013311,ABS to receive accident,Finished,9/7/2018,21.30.00,Yes,Collision with vehicle,Monday,RIGHT NEAR (INTERSECTIONS ONLY),No,Dark Street lights on,Yes,Multiple intersection,Other injury accident,70 km/hr,No,50235.0,144.36258,-38.19793,Intersection,GEELONG,SOUTH WESTERN REGION,2444161.075,2366866.995,2.0,1.0,0.0,0.0,1.0,1.0,0.0,2.0,0.0,0.0,2.0,0.0,0.0,0.0,0.0,0.0,0.0,0.0,0.0,0.0,No,0.0,2.0,0.0,2.0,0.0,0.0,LARGE_PROVINCIAL_CITIES,"RURAL_VICTORIA,LARGE_PROVINCIAL_CITIES",GEELONG,SOUTH WESTERN REGION,C,C,Arterial Other,"Arterial Other,Local Road",Undivided,Undiv,Country
67294,3469038.0,T20180014249,ABS to receive accident,Finished,29/7/2018,13.50.00,No,Collision with vehicle,Sunday,LANE SIDE SWIPE (VEHICLES IN PARALLEL LANES),No,Day,No,Not at intersection,Other injury accident,70 km/hr,No,337242.0,144.40126,-38.17331,Non-Intersection,GEELONG,SOUTH WESTERN REGION,2447532.131,2369621.185,4.0,2.0,0.0,0.0,2.0,2.0,1.0,3.0,0.0,2.0,2.0,0.0,0.0,0.0,0.0,0.0,0.0,0.0,0.0,0.0,No,0.0,2.0,0.0,2.0,0.0,0.0,LARGE_PROVINCIAL_CITIES,LARGE_PROVINCIAL_CITIES,GEELONG,SOUTH WESTERN REGION,B,B,Arterial Highway,Arterial Highway,Divided,Div,Country
67434,3469178.0,T20180013860,ABS to receive accident,Finished,24/7/2018,10.45.00,No,Collision with vehicle,Tuesday,REAR END(VEHICLES IN SAME LANE),No,Day,Yes,Cross intersection,Other injury accident,80 km/hr,No,50131.0,144.45806000000002,-38.17447,Intersection,GEELONG,SOUTH WESTERN REGION,2452510.299,2369522.3819999998,2.0,1.0,0.0,0.0,1.0,1.0,1.0,1.0,0.0,0.0,2.0,0.0,0.0,0.0,0.0,0.0,0.0,0.0,0.0,0.0,No,0.0,2.0,0.0,2.0,0.0,0.0,TOWNS,"TOWNS,RURAL_VICTORIA",GEELONG,SOUTH WESTERN REGION,C,C,Arterial Other,"Arterial Other,Local Road",Divided,"Div,Undiv",Country
67503,3469247.0,T20180012569,ABS to receive accident,Finished,5/7/2018,07.00.00,No,Collision with vehicle,Thursday,REAR END(VEHICLES IN SAME LANE),No,Dark Street lights on,Yes,Not at intersection,Other injury accident,100 km/hr,No,332224.0,144.31101,-38.194109999999995,Non-Intersection,GEELONG,SOUTH WESTERN REGION,2439640.5319999997,2367259.202,3.0,1.0,0.0,0.0,1.0,2.0,3.0,0.0,0.0,1.0,2.0,0.0,0.0,0.0,0.0,0.0,0.0,0.0,0.0,1.0,No,0.0,2.0,0.0,1.0,0.0,0.0,LARGE_PROVINCIAL_CITIES,LARGE_PROVINCIAL_CITIES,GEELONG,SOUTH WESTERN REGION,M,M,Freeway,Freeway,Divided,Div,Country
67531,3469275.0,T20180013471,ABS to receive accident,Finished,18/7/2018,13.20.00,No,Collision with vehicle,Wednesday,LANE CHANGE RIGHT (NOT OVERTAKING),No,Day,Yes,Not at intersection,Other injury accident,60 km/hr,No,53898.0,144.35209,-38.150209999999994,Intersection,GEELONG,SOUTH WESTERN REGION,2443206.398,2372157.256,2.0,1.0,0.0,0.0,1.0,1.0,1.0,1.0,0.0,0.0,2.0,0.0,0.0,0.0,0.0,0.0,0.0,0.0,1.0,0.0,No,0.0,2.0,0.0,2.0,0.0,0.0,LARGE_PROVINCIAL_CITIES,LARGE_PROVINCIAL_CITIES,GEELONG,SOUTH WESTERN REGION,A,A,Arterial Highway,"Arterial Highway,Local Road",Divided,"Div,Undiv",Country
67536,3469280.0,T20180013480,ABS to receive accident,Finished,17/7/2018,15.40.00,No,Collision with vehicle,Tuesday,LANE SIDE SWIPE (VEHICLES IN PARALLEL LANES),No,Day,Yes,Not at intersection,Other injury accident,100 km/hr,No,332774.0,144.30369,-38.18374,Non-Intersection,GEELONG,SOUTH WESTERN REGION,2438991.226,2368405.79,3.0,2.0,0.0,0.0,2.0,1.0,1.0,2.0,0.0,1.0,2.0,0.0,0.0,0.0,0.0,0.0,0.0,0.0,0.0,0.0,No,0.0,2.0,0.0,2.0,0.0,0.0,LARGE_PROVINCIAL_CITIES,"RURAL_VICTORIA,LARGE_PROVINCIAL_CITIES",GEELONG,SOUTH WESTERN REGION,M,M,Freeway,Freeway,Divided,Div,Country
67569,3469313.0,T20180013041,ABS to receive accident,Finished,12/7/2018,10.45.00,No,Collision with a fixed object,Thursday,LEFT OFF CARRIAGEWAY INTO OBJECT/PARKED VEHICLE,No,Day,Yes,Not at intersection,Other injury accident,100 km/hr,Yes,332496.0,144.64401,-38.1798,Non-Intersection,GEELONG,SOUTH WESTERN REGION,2468806.893,2369007.873,2.0,2.0,0.0,0.0,2.0,0.0,0.0,2.0,0.0,1.0,1.0,0.0,0.0,0.0,0.0,0.0,0.0,0.0,0.0,1.0,No,0.0,1.0,0.0,1.0,0.0,0.0,RURAL_VICTORIA,RURAL_VICTORIA,GEELONG,SOUTH WESTERN REGION,C,C,Arterial Other,Arterial Other,Undivided,Undiv,Country
67587,3469331.0,T20180013503,ABS to receive accident,Finished,18/7/2018,16.40.00,No,Collision with a fixed object,Wednesday,LEFT OFF CARRIAGEWAY INTO OBJECT/PARKED VEHICLE,No,Day,Yes,Not at intersection,Fatal accident,80 km/hr,Yes,332752.0,144.35443,-38.10202,Non-Intersection,GEELONG,SOUTH WESTERN REGION,2443375.398,2377508.04,2.0,2.0,1.0,1.0,0.0,0.0,2.0,0.0,0.0,1.0,1.0,0.0,0.0,0.0,0.0,0.0,0.0,0.0,0.0,0.0,No,0.0,2.0,0.0,2.0,0.0,0.0,LARGE_PROVINCIAL_CITIES,LARGE_PROVINCIAL_CITIES,GEELONG,SOUTH WESTERN REGION,A,A,Arterial Highway,Arterial Highway,Divided,Div,Country
67603,3469347.0,T20180013965,ABS to receive accident,Finished,25/7/2018,10.15.00,No,Collision with vehicle,Wednesday,RIGHT TURN SIDESWIPE,No,Day,Yes,Not at intersection,Other injury accident,60 km/hr,No,307106.0,144.34451,-38.10498,Non-Intersection,GEELONG,SOUTH WESTERN REGION,2442507.4080000003,2377173.555,2.0,1.0,0.0,0.0,1.0,1.0,1.0,1.0,0.0,0.0,2.0,0.0,0.0,0.0,0.0,0.0,0.0,0.0,0.0,0.0,No,0.0,2.0,1.0,1.0,0.0,0.0,LARGE_PROVINCIAL_CITIES,LARGE_PROVINCIAL_CITIES,GEELONG,SOUTH WESTERN REGION,C,C,Arterial Other,Arterial Other,Undivided,Undiv,Country
67704,3469448.0,T20180014020,ABS to receive accident,Finished,26/7/2018,09.15.00,No,Collision with a fixed object,Thursday,RIGHT OFF CARRIAGEWAY INTO OBJECT/PARKED VEHICLE,No,Day,Yes,Not at intersection,Serious injury accident,60 km/hr,Yes,332864.0,144.33551,-38.20243,Non-Intersection,GEELONG,SOUTH WESTERN REGION,2441793.603,2366351.4590000003,1.0,1.0,0.0,1.0,0.0,0.0,1.0,0.0,0.0,0.0,1.0,0.0,0.0,0.0,0.0,0.0,0.0,0.0,0.0,0.0,No,0.0,1.0,0.0,1.0,0.0,0.0,LARGE_PROVINCIAL_CITIES,LARGE_PROVINCIAL_CITIES,GEELONG,SOUTH WESTERN REGION,C,C,Arterial Other,Arterial Other,Undivided,Undiv,Country
67712,3469456.0,T20180012704,ABS to receive accident,Finished,6/7/2018,19.10.00,Yes,Collision with vehicle,Friday,U TURN,No,Dark Street lights on,Yes,Not at intersection,Other injury accident,60 km/hr,No,332275.0,144.56813,-38.17515,Non-Intersection,GEELONG,SOUTH WESTERN REGION,2462156.185,2369496.42,8.0,1.0,0.0,0.0,1.0,7.0,3.0,2.0,0.0,6.0,2.0,0.0,0.0,0.0,0.0,0.0,0.0,0.0,0.0,0.0,No,0.0,2.0,0.0,2.0,0.0,0.0,SMALL_CITIES,SMALL_CITIES,GEELONG,SOUTH WESTERN REGION,C,C,Arterial Other,Arterial Other,Undivided,Undiv,Country
67753,3469497.0,T20180014037,ABS to receive accident,Finished,26/7/2018,10.27.00,No,Collision with vehicle,Thursday,RIGHT THROUGH,No,Day,No,Cross intersection,Other injury accident,Not known,No,44474.0,144.36231,-38.150040000000004,Intersection,GEELONG,SOUTH WESTERN REGION,2444102.4069999997,2372182.7369999997,2.0,1.0,0.0,0.0,1.0,1.0,1.0,1.0,1.0,0.0,1.0,0.0,0.0,0.0,0.0,0.0,0.0,0.0,0.0,0.0,No,0.0,2.0,0.0,1.0,0.0,0.0,LARGE_PROVINCIAL_CITIES,LARGE_PROVINCIAL_CITIES,GEELONG,SOUTH WESTERN REGION,C,C,Arterial Other,"Arterial Other,Local Road",Divided,"Div,Undiv",Country
67766,3469510.0,T20180012731,ABS to receive accident,Finished,7/7/2018,11.40.00,No,Collision with vehicle,Friday,LEFT REAR,No,Day,Yes,Not at intersection,Other injury accident,60 km/hr,No,336763.0,144.25409,-37.9061,Non-Intersection,GEELONG,SOUTH WESTERN REGION,2434403.627,2399189.712,3.0,2.0,0.0,0.0,2.0,1.0,1.0,2.0,0.0,1.0,2.0,0.0,0.0,0.0,0.0,0.0,0.0,0.0,0.0,1.0,No,0.0,2.0,0.0,2.0,0.0,0.0,RURAL_VICTORIA,RURAL_VICTORIA,GEELONG,SOUTH WESTERN REGION,C,C,Arterial Other,Arterial Other,Undivided,Undiv,Country
67852,3469596.0,T20180014088,ABS to receive accident,Finished,13/7/2018,15.00.00,No,Collision with vehicle,Friday,CROSS TRAFFIC(INTERSECTIONS ONLY),No,Day,Yes,Cross intersection,Other injury accident,60 km/hr,No,29946.0,144.3554,-38.15271,Intersection,GEELONG,SOUTH WESTERN REGION,2443498.598,2371882.102,2.0,1.0,0.0,0.0,1.0,1.0,1.0,1.0,0.0,0.0,2.0,0.0,0.0,0.0,0.0,0.0,0.0,0.0,0.0,0.0,No,0.0,2.0,0.0,2.0,0.0,0.0,LARGE_PROVINCIAL_CITIES,LARGE_PROVINCIAL_CITIES,GEELONG,SOUTH WESTERN REGION,B,B,Arterial Highway,"Arterial Highway,Local Road",Divided,"Div,Undiv",Country
67893,3469637.0,T20180013642,ABS to receive accident,Finished,20/7/2018,14.18.00,No,Collision with vehicle,Friday,RIGHT NEAR (INTERSECTIONS ONLY),No,Day,Yes,T intersection,Serious injury accident,80 km/hr,No,49744.0,144.30501,-38.09738,Intersection,GEELONG,SOUTH WESTERN REGION,2439037.1040000003,2377992.725,3.0,1.0,0.0,1.0,0.0,2.0,2.0,1.0,0.0,0.0,3.0,0.0,0.0,0.0,0.0,0.0,0.0,0.0,0.0,1.0,No,0.0,3.0,0.0,2.0,0.0,0.0,RURAL_VICTORIA,RURAL_VICTORIA,GEELONG,SOUTH WESTERN REGION,A,"A,C",Arterial Highway,"Arterial Highway,Arterial Other",Divided,"Div,Undiv",Country
67913,3469657.0,T20180014148,ABS to receive accident,Finished,12/7/2018,10.30.00,No,No collision and no object struck,Thursday,OUT OF CONTROL ON CARRIAGEWAY (ON STRAIGHT),No,Unk.,No,Cross intersection,Serious injury accident,60 km/hr,No,332926.0,144.35818,-38.08348,Non-Intersection,GEELONG,SOUTH WESTERN REGION,2443689.844,2379568.2709999997,1.0,1.0,0.0,1.0,0.0,0.0,1.0,0.0,0.0,0.0,0.0,0.0,0.0,1.0,0.0,0.0,0.0,0.0,0.0,0.0,No,0.0,1.0,0.0,0.0,1.0,0.0,LARGE_PROVINCIAL_CITIES,LARGE_PROVINCIAL_CITIES,GEELONG,SOUTH WESTERN REGION,C,C,Arterial Other,Arterial Other,Divided,Div,Country
67957,3469701.0,T20180010974,ABS to receive accident,Finished,11/6/2018,13.12.00,No,Collision with vehicle,Monday,CROSS TRAFFIC(INTERSECTIONS ONLY),No,Day,Yes,Cross intersection,Other injury accident,60 km/hr,No,50056.0,144.38589,-38.16138,Intersection,GEELONG,SOUTH WESTERN REGION,2446177.409,2370937.108,4.0,3.0,0.0,0.0,3.0,1.0,1.0,3.0,0.0,2.0,2.0,0.0,0.0,0.0,0.0,0.0,0.0,0.0,0.0,1.0,No,0.0,2.0,0.0,2.0,0.0,0.0,LARGE_PROVINCIAL_CITIES,LARGE_PROVINCIAL_CITIES,GEELONG,SOUTH WESTERN REGION,C,C,Arterial Other,"Arterial Other,Local Road",Divided,"Div,Undiv",Country
67983,3469727.0,T20180011923,ABS to receive accident,Finished,25/6/2018,18.34.00,Yes,Collision with a fixed object,Monday,RIGHT OFF CARRIAGEWAY INTO OBJECT/PARKED VEHICLE,No,Dark No street lights,Yes,Not at intersection,Other injury accident,100 km/hr,Yes,331922.0,144.44718999999998,-38.02297,Non-Intersection,GEELONG,SOUTH WESTERN REGION,2451460.3959999997,2386333.694,1.0,1.0,0.0,0.0,1.0,0.0,1.0,0.0,0.0,0.0,1.0,0.0,0.0,0.0,0.0,0.0,0.0,0.0,0.0,0.0,No,0.0,1.0,0.0,1.0,0.0,0.0,RURAL_VICTORIA,RURAL_VICTORIA,GEELONG,SOUTH WESTERN REGION,M,M,Freeway,Freeway,Divided,Div,Country
68009,3469753.0,T20180010999,ABS to receive accident,Finished,11/6/2018,14.22.00,No,Collision with vehicle,Monday,REAR END(VEHICLES IN SAME LANE),No,Day,Yes,Not at intersection,Other injury accident,80 km/hr,No,336714.0,144.4237,-38.17949,Non-Intersection,GEELONG,SOUTH WESTERN REGION,2449503.324,2368947.969,6.0,2.0,0.0,0.0,2.0,4.0,4.0,2.0,0.0,2.0,4.0,0.0,0.0,0.0,0.0,0.0,0.0,0.0,1.0,0.0,No,0.0,4.0,1.0,2.0,0.0,0.0,RURAL_VICTORIA,RURAL_VICTORIA,GEELONG,SOUTH WESTERN REGION,B,B,Arterial Highway,Arterial Highway,Divided,Div,Country
68076,3469820.0,T20180011494,ABS to receive accident,Finished,19/6/2018,14.50.00,No,Collision with vehicle,Tuesday,RIGHT NEAR (INTERSECTIONS ONLY),No,Day,Yes,T intersection,Other injury accident,100 km/hr,No,50290.0,144.44543000000002,-38.265440000000005,Intersection,GEELONG,SOUTH WESTERN REGION,2451462.327,2359418.045,2.0,2.0,0.0,0.0,2.0,0.0,0.0,2.0,0.0,0.0,2.0,0.0,0.0,0.0,0.0,0.0,0.0,0.0,1.0,0.0,No,0.0,2.0,0.0,2.0,0.0,0.0,RURAL_VICTORIA,RURAL_VICTORIA,GEELONG,SOUTH WESTERN REGION,C,C,Arterial Other,"Arterial Other,Local Road",Undivided,Undiv,Country
68091,3469835.0,T20180011979,ABS to receive accident,Finished,26/6/2018,13.50.00,No,Collision with a fixed object,Tuesday,OTHER ACCIDENTS ON CURVE NOT INCLUDED IN DCAs 180-184,No,Day,Yes,Unknown,Serious injury accident,60 km/hr,No,331979.0,144.33536,-38.07865,Non-Intersection,GEELONG,SOUTH WESTERN REGION,2441684.478,2380090.588,1.0,1.0,0.0,1.0,0.0,0.0,1.0,0.0,0.0,0.0,0.0,0.0,0.0,1.0,0.0,0.0,0.0,0.0,0.0,0.0,No,0.0,1.0,0.0,0.0,1.0,0.0,LARGE_PROVINCIAL_CITIES,LARGE_PROVINCIAL_CITIES,GEELONG,SOUTH WESTERN REGION,M,M,Freeway,Freeway,Undivided,Undiv,Country
68104,3469848.0,T20180012450,ABS to receive accident,Finished,24/4/2018,13.20.00,No,Collision with vehicle,Tuesday,REAR END(VEHICLES IN SAME LANE),No,Day,Yes,Not at intersection,Other injury accident,80 km/hr,No,335516.0,144.35942,-38.08339,Non-Intersection,GEELONG,SOUTH WESTERN REGION,2443799.38,2379578.768,3.0,1.0,0.0,0.0,1.0,2.0,2.0,1.0,0.0,0.0,3.0,0.0,0.0,0.0,0.0,0.0,0.0,0.0,0.0,0.0,No,0.0,3.0,0.0,3.0,0.0,0.0,LARGE_PROVINCIAL_CITIES,LARGE_PROVINCIAL_CITIES,GEELONG,SOUTH WESTERN REGION,A,A,Arterial Highway,Arterial Highway,Divided,Div,Country
68152,3469896.0,T20180012472,ABS to receive accident,Finished,3/7/2018,12.30.00,No,Collision with vehicle,Tuesday,RIGHT REAR.,No,Day,Yes,T intersection,Other injury accident,60 km/hr,No,332242.0,144.34725,-38.15987,Non-Intersection,GEELONG,SOUTH WESTERN REGION,2442789.454,2371082.136,2.0,1.0,0.0,0.0,1.0,1.0,0.0,2.0,0.0,0.0,2.0,0.0,0.0,0.0,0.0,0.0,0.0,0.0,1.0,0.0,No,0.0,2.0,0.0,2.0,0.0,0.0,LARGE_PROVINCIAL_CITIES,LARGE_PROVINCIAL_CITIES,GEELONG,SOUTH WESTERN REGION,C,C,Arterial Other,Arterial Other,Undivided,Undiv,Country
68170,3469914.0,T20180011083,ABS to receive accident,Finished,29/3/2018,14.00.00,No,Struck Pedestrian,Thursday,PARKED CAR RUN AWAY,No,Day,No,Not at intersection,Other injury accident,40 km/hr,No,331563.0,144.35781,-38.14875,Non-Intersection,GEELONG,SOUTH WESTERN REGION,2443706.565,2372322.671,1.0,1.0,0.0,0.0,1.0,0.0,0.0,1.0,0.0,0.0,0.0,1.0,0.0,0.0,0.0,0.0,0.0,0.0,0.0,0.0,No,0.0,1.0,0.0,1.0,0.0,0.0,LARGE_PROVINCIAL_CITIES,LARGE_PROVINCIAL_CITIES,GEELONG,SOUTH WESTERN REGION,C,C,Arterial Other,Arterial Other,Divided,Div,Country