,OBJECTID,ACCIDENT_NO,ABS_CODE,ACCIDENT_STATUS,ACCIDENT_DATE,ACCIDENT_TIME,ALCOHOLTIME,ACCIDENT_TYPE,DAY_OF_WEEK,DCA_CODE,HIT_RUN_FLAG,LIGHT_CONDITION,POLICE_ATTEND,ROAD_GEOMETRY,SEVERITY,SPEED_ZONE,RUN_OFFROAD,NODE_ID,LONGITUDE,LATITUDE,NODE_TYPE,LGA_NAME,REGION_NAME,VICGRID_X,VICGRID_Y,TOTAL_PERSONS,INJ_OR_FATAL,FATALITY,SERIOUSINJURY,OTHERINJURY,NONINJURED,MALES,FEMALES,BICYCLIST,PASSENGER,DRIVER,PEDESTRIAN,PILLION,MOTORIST,UNKNOWN,PED_CYCLIST_5_12,PED_CYCLIST_13_18,OLD_PEDESTRIAN,OLD_DRIVER,YOUNG_DRIVER,ALCOHOL_RELATED,UNLICENCSED,NO_OF_VEHICLES,HEAVYVEHICLE,PASSENGERVEHICLE,MOTORCYCLE,PUBLICVEHICLE,DEG_URBAN_NAME,DEG_URBAN_ALL,LGA_NAME_ALL,REGION_NAME_ALL,SRNS,SRNS_ALL,RMA,RMA_ALL,DIVIDED,DIVIDED_ALL,STAT_DIV_NAME
71869,3473613.0,T20180018709,ABS to receive accident,Finished,5/10/2018,15.15.00,No,Collision with vehicle,Thursday,REAR END(VEHICLES IN SAME LANE),No,Day,Yes,Not at intersection,Other injury accident,70 km/hr,No,335456.0,144.34396999999998,-38.18671,Non-Intersection,GEELONG,SOUTH WESTERN REGION,2442522.555,2368101.437,3.0,1.0,0.0,0.0,1.0,2.0,2.0,1.0,0.0,1.0,2.0,0.0,0.0,0.0,0.0,0.0,0.0,0.0,0.0,1.0,No,0.0,2.0,0.0,2.0,0.0,0.0,LARGE_PROVINCIAL_CITIES,LARGE_PROVINCIAL_CITIES,GEELONG,SOUTH WESTERN REGION,B,B,Arterial Highway,Arterial Highway,Divided,Div,Country
71876,3473620.0,T20180019157,ABS to receive accident,Finished,9/10/2018,16.45.00,No,Collision with vehicle,Tuesday,REAR END(VEHICLES IN SAME LANE),No,Day,No,Not at intersection,Other injury accident,70 km/hr,No,335413.0,144.35445,-38.115159999999996,Non-Intersection,GEELONG,SOUTH WESTERN REGION,2443387.199,2376049.909,3.0,1.0,0.0,0.0,1.0,2.0,2.0,1.0,0.0,0.0,3.0,0.0,0.0,0.0,0.0,0.0,0.0,0.0,1.0,0.0,No,0.0,3.0,0.0,3.0,0.0,0.0,LARGE_PROVINCIAL_CITIES,LARGE_PROVINCIAL_CITIES,GEELONG,SOUTH WESTERN REGION,A,A,Arterial Highway,Arterial Highway,Divided,Div,Country
71885,3473629.0,T20180019617,ABS to receive accident,Finished,15/10/2018,12.50.00,No,Collision with vehicle,Monday,VEHICLE STRIKES ANOTHER VEH WHILE EMERGING FROM DRIVEWAY,No,Day,Yes,Not at intersection,Other injury accident,60 km/hr,No,339646.0,144.34596000000002,-38.09758,Non-Intersection,GEELONG,SOUTH WESTERN REGION,2442629.173,2377996.0069999998,2.0,1.0,0.0,0.0,1.0,1.0,1.0,0.0,1.0,0.0,1.0,0.0,0.0,0.0,0.0,0.0,0.0,0.0,0.0,0.0,No,0.0,2.0,0.0,1.0,0.0,0.0,LARGE_PROVINCIAL_CITIES,LARGE_PROVINCIAL_CITIES,GEELONG,SOUTH WESTERN REGION,C,C,Arterial Other,Arterial Other,Undivided,Undiv,Country
71903,3473647.0,T20180018263,ABS to receive accident,Finished,27/9/2018,20.30.00,Yes,Collision with vehicle,Thursday,HEAD ON (NOT OVERTAKING),No,Dark Street lights on,Yes,Not at intersection,Serious injury accident,80 km/hr,No,339219.0,144.30613,-38.09789,Non-Intersection,GEELONG,SOUTH WESTERN REGION,2439135.0330000003,2377936.267,9.0,3.0,0.0,2.0,1.0,6.0,5.0,4.0,0.0,7.0,2.0,0.0,0.0,0.0,0.0,0.0,0.0,0.0,0.0,1.0,No,0.0,2.0,0.0,2.0,0.0,0.0,RURAL_VICTORIA,RURAL_VICTORIA,GEELONG,SOUTH WESTERN REGION,A,A,Arterial Highway,Arterial Highway,Undivided,Undiv,Country
71909,3473653.0,T20180018271,ABS to receive accident,Finished,26/9/2018,15.15.00,No,Collision with vehicle,Tuesday,HEAD ON (NOT OVERTAKING),No,Day,Yes,Not at intersection,Other injury accident,60 km/hr,No,342254.0,144.34678,-38.09339,Non-Intersection,GEELONG,SOUTH WESTERN REGION,2442697.818,2378461.056,6.0,6.0,0.0,0.0,6.0,0.0,3.0,3.0,0.0,3.0,3.0,0.0,0.0,0.0,0.0,0.0,0.0,0.0,0.0,0.0,No,0.0,3.0,0.0,3.0,0.0,0.0,LARGE_PROVINCIAL_CITIES,LARGE_PROVINCIAL_CITIES,GEELONG,SOUTH WESTERN REGION,C,C,Arterial Other,Arterial Other,Undivided,Undiv,Country
71910,3473654.0,T20180018272,ABS to receive accident,Finished,28/9/2018,09.25.00,No,Collision with vehicle,Friday,LEFT NEAR (INTERSECTIONS ONLY),No,Day,Yes,T intersection,Other injury accident,60 km/hr,No,259211.0,144.46218000000002,-38.188520000000004,Intersection,GEELONG,SOUTH WESTERN REGION,2452880.4669999997,2367965.498,3.0,1.0,0.0,0.0,1.0,2.0,2.0,1.0,2.0,0.0,1.0,0.0,0.0,0.0,0.0,0.0,2.0,0.0,0.0,0.0,No,0.0,3.0,0.0,1.0,0.0,0.0,TOWNS,TOWNS,GEELONG,SOUTH WESTERN REGION,B,B,Arterial Highway,"Arterial Highway,Local Road",Divided,"Div,Undiv",Country
72054,3473798.0,T20190000833,ABS to receive accident,Finished,15/1/2019,07.49.00,No,collision with some other object,Tuesday,STRUCK OBJECT ON CARRIAGEWAY,No,Day,Yes,Not at intersection,Serious injury accident,60 km/hr,No,341377.0,144.61835,-38.266290000000005,Non-Intersection,GEELONG,SOUTH WESTERN REGION,2466597.61,2359398.546,1.0,1.0,0.0,1.0,0.0,0.0,1.0,0.0,1.0,0.0,0.0,0.0,0.0,0.0,0.0,0.0,0.0,0.0,0.0,0.0,No,0.0,1.0,0.0,0.0,0.0,0.0,RURAL_VICTORIA,RURAL_VICTORIA,GEELONG,SOUTH WESTERN REGION,B,B,Arterial Highway,Arterial Highway,Undivided,Undiv,Country
72072,3473816.0,T20180023850,ABS to receive accident,Finished,19/12/2018,17.10.00,No,Collision with vehicle,Wednesday,RIGHT THROUGH,No,Day,Yes,T intersection,Other injury accident,60 km/hr,No,279268.0,144.53921,-38.23949,Intersection,GEELONG,SOUTH WESTERN REGION,2459656.6180000002,2362342.825,2.0,2.0,0.0,0.0,2.0,0.0,1.0,1.0,0.0,0.0,2.0,0.0,0.0,0.0,0.0,0.0,0.0,0.0,0.0,1.0,No,0.0,2.0,0.0,1.0,0.0,0.0,RURAL_VICTORIA,RURAL_VICTORIA,GEELONG,SOUTH WESTERN REGION,C,C,Arterial Other,"Arterial Other,Local Road",Undivided,Undiv,Country
72110,3473854.0,T20190000882,ABS to receive accident,Finished,16/1/2019,07.55.00,No,Collision with vehicle,Tuesday,LANE CHANGE LEFT (NOT OVERTAKING),No,Day,No,Not at intersection,Other injury accident,60 km/hr,No,72063.0,144.36366999999998,-38.150420000000004,Intersection,GEELONG,SOUTH WESTERN REGION,2444221.635,2372140.8019999997,2.0,1.0,0.0,0.0,1.0,1.0,1.0,1.0,1.0,0.0,1.0,0.0,0.0,0.0,0.0,0.0,0.0,0.0,0.0,0.0,No,0.0,2.0,0.0,1.0,0.0,0.0,LARGE_PROVINCIAL_CITIES,LARGE_PROVINCIAL_CITIES,GEELONG,SOUTH WESTERN REGION,C,C,Arterial Other,"Arterial Other,Local Road",Divided,"Div,Undiv",Country
72171,3473915.0,T20190000942,ABS to receive accident,Finished,16/1/2019,20.21.00,Yes,Struck Pedestrian,Wednesday,FAR SIDE. PED HIT BY VEHICLE FROM THE LEFT,Yes,Dusk/Dawn,Yes,Not at intersection,Other injury accident,60 km/hr,No,341456.0,144.34526,-38.14654,Non-Intersection,GEELONG,SOUTH WESTERN REGION,2442604.787,2372561.274,2.0,2.0,0.0,0.0,2.0,0.0,2.0,0.0,0.0,0.0,1.0,1.0,0.0,0.0,0.0,0.0,0.0,0.0,0.0,1.0,No,0.0,1.0,0.0,1.0,0.0,0.0,LARGE_PROVINCIAL_CITIES,LARGE_PROVINCIAL_CITIES,GEELONG,SOUTH WESTERN REGION,B,B,Arterial Highway,Arterial Highway,Undivided,Undiv,Country
72193,3473937.0,T20180024498,ABS to receive accident,Finished,29/12/2018,09.31.00,No,Collision with vehicle,Friday,RIGHT NEAR (INTERSECTIONS ONLY),No,Day,Yes,T intersection,Other injury accident,80 km/hr,No,292051.0,144.45626000000001,-38.26672,Intersection,GEELONG,SOUTH WESTERN REGION,2452411.4159999997,2359281.726,2.0,1.0,0.0,0.0,1.0,1.0,2.0,0.0,0.0,0.0,2.0,0.0,0.0,0.0,0.0,0.0,0.0,0.0,0.0,0.0,No,0.0,2.0,0.0,2.0,0.0,0.0,RURAL_VICTORIA,RURAL_VICTORIA,GEELONG,SOUTH WESTERN REGION,C,C,Arterial Other,"Arterial Other,Local Road",Undivided,Undiv,Country
72212,3473956.0,T20190000946,ABS to receive accident,Finished,16/1/2019,22.23.00,Yes,Collision with vehicle,Tuesday,VEHICLE COLLIDES WITH VEHICLE PARKED ON LEFT OF ROAD,No,Dark Street lights on,Yes,Not at intersection,Serious injury accident,70 km/hr,No,343279.0,144.38683999999998,-38.16922,Non-Intersection,GEELONG,SOUTH WESTERN REGION,2446265.887,2370067.752,1.0,1.0,0.0,1.0,0.0,0.0,0.0,1.0,0.0,0.0,1.0,0.0,0.0,0.0,0.0,0.0,0.0,0.0,0.0,1.0,No,0.0,2.0,0.0,2.0,0.0,0.0,LARGE_PROVINCIAL_CITIES,LARGE_PROVINCIAL_CITIES,GEELONG,SOUTH WESTERN REGION,B,B,Arterial Highway,Arterial Highway,Divided,Div,Country
72300,3474044.0,T20180024571,ABS to receive accident,Finished,31/12/2018,16.55.00,No,Collision with vehicle,Monday,REAR END(VEHICLES IN SAME LANE),No,Day,Yes,Not at intersection,Other injury accident,70 km/hr,No,341086.0,144.41785,-38.17776,Non-Intersection,GEELONG,SOUTH WESTERN REGION,2448989.375,2369136.9680000003,4.0,1.0,0.0,0.0,1.0,3.0,1.0,3.0,0.0,2.0,2.0,0.0,0.0,0.0,0.0,0.0,0.0,0.0,0.0,0.0,No,0.0,2.0,0.0,2.0,0.0,0.0,LARGE_PROVINCIAL_CITIES,LARGE_PROVINCIAL_CITIES,GEELONG,SOUTH WESTERN REGION,B,B,Arterial Highway,Arterial Highway,Divided,Div,Country
72353,3474097.0,T20190000022,ABS to receive accident,Finished,1/1/2019,07.45.00,No,Collision with a fixed object,Tuesday,LEFT OFF CARRIAGEWAY INTO OBJECT/PARKED VEHICLE,No,Day,Yes,Not at intersection,Other injury accident,100 km/hr,Yes,340797.0,144.38487,-38.059870000000004,Non-Intersection,GEELONG,SOUTH WESTERN REGION,2446014.7709999997,2382204.808,1.0,1.0,0.0,0.0,1.0,0.0,0.0,1.0,0.0,0.0,1.0,0.0,0.0,0.0,0.0,0.0,0.0,0.0,0.0,1.0,No,0.0,1.0,0.0,1.0,0.0,0.0,LARGE_PROVINCIAL_CITIES,LARGE_PROVINCIAL_CITIES,GEELONG,SOUTH WESTERN REGION,M,M,Freeway,Freeway,Undivided,Undiv,Country
72378,3474122.0,T20180023585,ABS to receive accident,Finished,15/12/2018,00.54.00,Yes,Struck Pedestrian,Saturday,PED NEAR SIDE. PED HIT BY VEHICLE FROM THE RIGHT.,No,Dark Street lights on,Yes,Cross intersection,Serious injury accident,40 km/hr,No,44466.0,144.35731,-38.14861,Intersection,GEELONG,SOUTH WESTERN REGION,2443662.329,2372338.111,2.0,1.0,0.0,1.0,0.0,1.0,2.0,0.0,0.0,0.0,1.0,1.0,0.0,0.0,0.0,0.0,0.0,0.0,0.0,0.0,No,0.0,1.0,0.0,1.0,0.0,0.0,LARGE_PROVINCIAL_CITIES,LARGE_PROVINCIAL_CITIES,GEELONG,SOUTH WESTERN REGION,C,C,Arterial Other,"Arterial Other,Local Road",Divided,"Div,Undiv",Country
72396,3474140.0,T20190000031,ABS to receive accident,Finished,1/1/2019,13.52.00,No,Collision with vehicle,Monday,HEAD ON (NOT OVERTAKING),No,Day,Yes,Not at intersection,Other injury accident,80 km/hr,No,341246.0,144.3544,-38.0299,Non-Intersection,GEELONG,SOUTH WESTERN REGION,2443317.878,2385512.668,3.0,1.0,0.0,0.0,1.0,2.0,3.0,0.0,0.0,1.0,2.0,0.0,0.0,0.0,0.0,0.0,0.0,0.0,0.0,0.0,No,0.0,2.0,0.0,2.0,0.0,0.0,RURAL_VICTORIA,RURAL_VICTORIA,GEELONG,SOUTH WESTERN REGION,C,C,Arterial Other,Arterial Other,Undivided,Undiv,Country
72422,3474166.0,T20180023596,ABS to receive accident,Finished,15/12/2018,16.38.00,Yes,Struck Pedestrian,Saturday,FAR SIDE. PED HIT BY VEHICLE FROM THE LEFT,No,Day,Yes,Not at intersection,Other injury accident,80 km/hr,No,340343.0,144.35465,-38.10082,Non-Intersection,GEELONG,SOUTH WESTERN REGION,2443393.867,2377641.297,2.0,1.0,0.0,0.0,1.0,1.0,2.0,0.0,0.0,0.0,1.0,1.0,0.0,0.0,0.0,0.0,0.0,0.0,0.0,0.0,No,0.0,1.0,0.0,1.0,0.0,0.0,LARGE_PROVINCIAL_CITIES,LARGE_PROVINCIAL_CITIES,GEELONG,SOUTH WESTERN REGION,A,A,Arterial Highway,Arterial Highway,Divided,Div,Country
72495,3474239.0,T20180024122,ABS to receive accident,Finished,23/12/2018,11.51.00,No,Collision with a fixed object,Sunday,LEFT OFF CARRIAGEWAY INTO OBJECT/PARKED VEHICLE,No,Day,Yes,Not at intersection,Serious injury accident,80 km/hr,Yes,340961.0,144.54554,-38.22787,Non-Intersection,GEELONG,SOUTH WESTERN REGION,2460204.736,2363635.501,1.0,1.0,0.0,1.0,0.0,0.0,1.0,0.0,0.0,0.0,1.0,0.0,0.0,0.0,0.0,0.0,0.0,0.0,1.0,0.0,No,0.0,1.0,0.0,1.0,0.0,0.0,RURAL_VICTORIA,RURAL_VICTORIA,GEELONG,SOUTH WESTERN REGION,B,B,Arterial Highway,Arterial Highway,Undivided,Undiv,Country
72512,3474256.0,T20190000627,ABS to receive accident,Finished,11/1/2019,17.15.00,Yes,Collision with vehicle,Friday,REAR END(VEHICLES IN SAME LANE),No,Day,Yes,Not at intersection,Other injury accident,70 km/hr,No,341779.0,144.34691,-38.18208,Non-Intersection,GEELONG,SOUTH WESTERN REGION,2442776.188,2368616.35,5.0,1.0,0.0,0.0,1.0,4.0,2.0,3.0,0.0,1.0,4.0,0.0,0.0,0.0,0.0,0.0,0.0,0.0,0.0,0.0,No,0.0,4.0,0.0,4.0,0.0,0.0,LARGE_PROVINCIAL_CITIES,LARGE_PROVINCIAL_CITIES,GEELONG,SOUTH WESTERN REGION,A,A,Arterial Highway,Arterial Highway,Divided,Div,Country
72531,3474275.0,T20180023670,ABS to receive accident,Finished,16/12/2018,17.25.00,Yes,Collision with vehicle,Sunday,CROSS TRAFFIC(INTERSECTIONS ONLY),No,Day,Yes,Cross intersection,Serious injury accident,70 km/hr,No,50218.0,144.45549,-38.187020000000004,Intersection,GEELONG,SOUTH WESTERN REGION,2452293.062,2368128.018,11.0,10.0,0.0,3.0,7.0,1.0,6.0,5.0,0.0,9.0,2.0,0.0,0.0,0.0,0.0,0.0,0.0,0.0,0.0,1.0,No,0.0,2.0,0.0,1.0,0.0,0.0,TOWNS,TOWNS,GEELONG,SOUTH WESTERN REGION,B,B,Arterial Highway,"Arterial Highway,Local Road",Divided,"Div,Undiv",Country
72622,3474366.0,T20190000698,ABS to receive accident,Finished,12/1/2019,22.30.00,Yes,Collision with a fixed object,Friday,LEFT OFF CARRIAGEWAY INTO OBJECT/PARKED VEHICLE,No,Dark Street lights on,Yes,Not at intersection,Serious injury accident,70 km/hr,Yes,341218.0,144.35472,-38.11458,Non-Intersection,GEELONG,SOUTH WESTERN REGION,2443410.103,2376113.758,2.0,1.0,0.0,1.0,0.0,1.0,1.0,1.0,0.0,1.0,1.0,0.0,0.0,0.0,0.0,0.0,0.0,0.0,0.0,0.0,No,0.0,1.0,0.0,1.0,0.0,0.0,LARGE_PROVINCIAL_CITIES,LARGE_PROVINCIAL_CITIES,GEELONG,SOUTH WESTERN REGION,A,A,Arterial Highway,Arterial Highway,Divided,Div,Country
72711,3474455.0,T20190000245,ABS to receive accident,Finished,5/1/2019,13.00.00,No,Collision with vehicle,Saturday,RIGHT THROUGH,No,Day,Yes,T intersection,Other injury accident,100 km/hr,No,15454.0,144.60883,-38.26096,Intersection,GEELONG,SOUTH WESTERN REGION,2465762.009,2359986.1890000002,7.0,1.0,0.0,0.0,1.0,6.0,2.0,5.0,0.0,5.0,2.0,0.0,0.0,0.0,0.0,0.0,0.0,0.0,0.0,0.0,No,0.0,2.0,0.0,2.0,0.0,0.0,RURAL_VICTORIA,RURAL_VICTORIA,GEELONG,SOUTH WESTERN REGION,B,"B,C",Arterial Highway,"Arterial Highway,Arterial Other",Undivided,Undiv,Country
72722,3474466.0,T20190000734,ABS to receive accident,Finished,13/1/2019,14.00.00,No,Collision with vehicle,Sunday,RIGHT TURN SIDESWIPE,No,Day,Yes,Multiple intersection,Serious injury accident,60 km/hr,No,341861.0,144.36269,-38.19818,Intersection,GEELONG,SOUTH WESTERN REGION,2444170.874,2366839.099,2.0,2.0,0.0,1.0,1.0,0.0,2.0,0.0,0.0,0.0,0.0,0.0,0.0,2.0,0.0,0.0,0.0,0.0,0.0,0.0,No,0.0,2.0,0.0,0.0,2.0,0.0,RURAL_VICTORIA,RURAL_VICTORIA,GEELONG,SOUTH WESTERN REGION,C,C,Arterial Other,"Arterial Other,Local Road",Undivided,Undiv,Country
72728,3474472.0,T20190000751,ABS to receive accident,Finished,7/1/2019,12.00.00,No,Collision with vehicle,Sunday,REAR END(VEHICLES IN SAME LANE),No,Day,No,Not at intersection,Other injury accident,50 km/hr,No,341241.0,144.35154,-38.133340000000004,Non-Intersection,GEELONG,SOUTH WESTERN REGION,2443145.258,2374029.287,2.0,1.0,0.0,0.0,1.0,1.0,2.0,0.0,0.0,0.0,1.0,0.0,0.0,1.0,0.0,0.0,0.0,0.0,0.0,0.0,No,0.0,2.0,0.0,1.0,1.0,0.0,LARGE_PROVINCIAL_CITIES,LARGE_PROVINCIAL_CITIES,GEELONG,SOUTH WESTERN REGION,A,A,Arterial Highway,Arterial Highway,Divided,Div,Country
72921,3474665.0,T20180023426,ABS to receive accident,Finished,13/12/2018,14.03.00,No,Collision with vehicle,Thursday,REAR END(VEHICLES IN SAME LANE),No,Day,Yes,T intersection,Other injury accident,60 km/hr,No,29254.0,144.34405,-38.107459999999996,Intersection,GEELONG,SOUTH WESTERN REGION,2442468.797,2376897.952,3.0,3.0,0.0,0.0,3.0,0.0,1.0,2.0,0.0,1.0,2.0,0.0,0.0,0.0,0.0,0.0,0.0,0.0,0.0,0.0,No,0.0,2.0,0.0,2.0,0.0,0.0,LARGE_PROVINCIAL_CITIES,LARGE_PROVINCIAL_CITIES,GEELONG,SOUTH WESTERN REGION,C,C,Arterial Other,"Arterial Other,Local Road",Undivided,Undiv,Country
72947,3474691.0,T20180022485,ABS to receive accident,Finished,30/11/2018,12.30.00,No,Collision with vehicle,Thursday,REAR END(VEHICLES IN SAME LANE),No,Day,No,Not at intersection,Other injury accident,Not known,No,339874.0,144.3362,-38.14141,Non-Intersection,GEELONG,SOUTH WESTERN REGION,2441806.85,2373124.399,3.0,1.0,0.0,0.0,1.0,2.0,1.0,1.0,0.0,0.0,3.0,0.0,0.0,0.0,0.0,0.0,0.0,0.0,0.0,0.0,No,0.0,3.0,0.0,3.0,0.0,0.0,LARGE_PROVINCIAL_CITIES,LARGE_PROVINCIAL_CITIES,GEELONG,SOUTH WESTERN REGION,C,C,Arterial Other,Arterial Other,Undivided,Undiv,Country
73001,3474745.0,T20180022520,ABS to receive accident,Finished,1/12/2018,06.54.00,Yes,Collision with vehicle,Saturday,CROSS TRAFFIC(INTERSECTIONS ONLY),No,Day,Yes,Cross intersection,Serious injury accident,70 km/hr,No,50214.0,144.45551,-38.186890000000005,Intersection,GEELONG,SOUTH WESTERN REGION,2452295.159,2368142.895,2.0,2.0,0.0,1.0,1.0,0.0,2.0,0.0,0.0,0.0,2.0,0.0,0.0,0.0,0.0,0.0,0.0,0.0,1.0,1.0,No,1.0,2.0,0.0,2.0,0.0,0.0,TOWNS,TOWNS,GEELONG,SOUTH WESTERN REGION,B,B,Arterial Highway,"Arterial Highway,Local Road",Divided,"Div,Undiv",Country
73055,3474799.0,T20180022551,ABS to receive accident,Finished,1/12/2018,16.00.00,Yes,Collision with vehicle,Friday,REAR END(VEHICLES IN SAME LANE),No,Day,No,Not at intersection,Other injury accident,80 km/hr,No,340142.0,144.45933,-38.174620000000004,Non-Intersection,GEELONG,SOUTH WESTERN REGION,2452621.54,2369506.602,4.0,1.0,0.0,0.0,1.0,3.0,1.0,3.0,0.0,1.0,3.0,0.0,0.0,0.0,0.0,0.0,0.0,0.0,0.0,2.0,No,0.0,3.0,0.0,3.0,0.0,0.0,TOWNS,"TOWNS,RURAL_VICTORIA",GEELONG,SOUTH WESTERN REGION,C,C,Arterial Other,Arterial Other,Divided,Div,Country
73089,3474833.0,T20180022049,ABS to receive accident,Finished,24/11/2018,12.30.00,No,Collision with vehicle,Friday,CROSS TRAFFIC(INTERSECTIONS ONLY),No,Day,Yes,Cross intersection,Other injury accident,60 km/hr,No,44456.0,144.34473,-38.15958,Intersection,GEELONG,SOUTH WESTERN REGION,2442568.528,2371112.95,5.0,1.0,0.0,0.0,1.0,4.0,3.0,2.0,0.0,3.0,2.0,0.0,0.0,0.0,0.0,0.0,0.0,0.0,0.0,0.0,No,0.0,2.0,0.0,2.0,0.0,0.0,LARGE_PROVINCIAL_CITIES,LARGE_PROVINCIAL_CITIES,GEELONG,SOUTH WESTERN REGION,C,C,Arterial Other,"Arterial Other,Local Road",Undivided,Undiv,Country
73094,3474838.0,T20180022059,ABS to receive accident,Finished,23/11/2018,13.15.00,No,Collision with vehicle,Friday,REAR END(VEHICLES IN SAME LANE),No,Day,No,T intersection,Other injury accident,80 km/hr,No,10893.0,144.38137,-38.06499,Intersection,GEELONG,SOUTH WESTERN REGION,2445711.219,2381634.029,2.0,1.0,0.0,0.0,1.0,1.0,2.0,0.0,0.0,0.0,2.0,0.0,0.0,0.0,0.0,0.0,0.0,0.0,0.0,0.0,No,0.0,2.0,0.0,1.0,0.0,0.0,LARGE_PROVINCIAL_CITIES,LARGE_PROVINCIAL_CITIES,GEELONG,SOUTH WESTERN REGION,A,A,Arterial Highway,"Arterial Highway,Local Road",Divided,"Div,Undiv",Country
73106,3474850.0,T20180022579,ABS to receive accident,Finished,2/12/2018,10.15.00,No,Collision with a fixed object,Sunday,LEFT OFF CARRIAGEWAY INTO OBJECT/PARKED VEHICLE,No,Day,Yes,Not at intersection,Other injury accident,70 km/hr,Yes,339843.0,144.31096000000002,-38.1003,Non-Intersection,GEELONG,SOUTH WESTERN REGION,2439561.245,2377671.8019999997,1.0,1.0,0.0,0.0,1.0,0.0,1.0,0.0,0.0,0.0,1.0,0.0,0.0,0.0,0.0,0.0,0.0,0.0,0.0,1.0,No,0.0,1.0,0.0,1.0,0.0,0.0,RURAL_VICTORIA,RURAL_VICTORIA,GEELONG,SOUTH WESTERN REGION,A,A,Arterial Highway,Arterial Highway,Undivided,Undiv,Country
73142,3474886.0,T20180022082,ABS to receive accident,Finished,24/11/2018,23.30.00,Yes,Collision with vehicle,Saturday,RIGHT THROUGH,No,Dark Street lights on,Yes,Multiple intersection,Other injury accident,40 km/hr,No,15405.0,144.36732,-38.1514,Intersection,GEELONG,SOUTH WESTERN REGION,2444542.284,2372034.716,3.0,1.0,0.0,0.0,1.0,2.0,2.0,1.0,0.0,1.0,2.0,0.0,0.0,0.0,0.0,0.0,0.0,0.0,0.0,1.0,No,0.0,2.0,0.0,2.0,0.0,0.0,LARGE_PROVINCIAL_CITIES,LARGE_PROVINCIAL_CITIES,GEELONG,SOUTH WESTERN REGION,C,C,Arterial Other,"Arterial Other,Local Road",Divided,"Div,Undiv",Country
73188,3474932.0,T20180021650,ABS to receive accident,Finished,19/11/2018,06.50.00,No,Collision with a fixed object,Monday,OTHER ACCIDENTS-OFF STRAIGHT NOT INCLUDED IN DCAs 170-175,No,Day,Yes,T intersection,Other injury accident,50 km/hr,No,49754.0,144.36465,-38.09972,Intersection,GEELONG,SOUTH WESTERN REGION,2444269.5530000003,2377769.122,1.0,1.0,0.0,0.0,1.0,0.0,0.0,1.0,0.0,0.0,1.0,0.0,0.0,0.0,0.0,0.0,0.0,0.0,0.0,0.0,No,0.0,1.0,0.0,1.0,0.0,0.0,LARGE_PROVINCIAL_CITIES,LARGE_PROVINCIAL_CITIES,GEELONG,SOUTH WESTERN REGION,C,C,Arterial Other,Arterial Other,Divided,"Div,Undiv",Country
73194,3474938.0,T20180022109,ABS to receive accident,Finished,25/11/2018,12.50.00,No,Collision with vehicle,Sunday,RIGHT REAR.,No,Day,Yes,T intersection,Serious injury accident,100 km/hr,No,340377.0,144.63321000000002,-38.2358,Intersection,GEELONG,SOUTH WESTERN REGION,2467884.929,2362787.371,5.0,1.0,0.0,1.0,0.0,4.0,3.0,2.0,0.0,3.0,1.0,0.0,0.0,1.0,0.0,0.0,0.0,0.0,0.0,0.0,No,0.0,2.0,0.0,1.0,1.0,0.0,RURAL_VICTORIA,RURAL_VICTORIA,GEELONG,SOUTH WESTERN REGION,C,C,Arterial Other,"Arterial Other,Local Road",Undivided,Undiv,Country
73203,3474947.0,T20180022624,ABS to receive accident,Finished,3/12/2018,05.20.00,Yes,Collision with a fixed object,Sunday,RIGHT OFF CARRIAGEWAY INTO OBJECT/PARKED VEHICLE,No,Dusk/Dawn,Yes,Not at intersection,Serious injury accident,70 km/hr,Yes,341736.0,144.44366000000002,-38.18441,Non-Intersection,GEELONG,SOUTH WESTERN REGION,2451255.3340000003,2368412.1569999997,1.0,1.0,0.0,1.0,0.0,0.0,0.0,1.0,0.0,0.0,1.0,0.0,0.0,0.0,0.0,0.0,0.0,0.0,0.0,1.0,No,0.0,1.0,0.0,1.0,0.0,0.0,RURAL_VICTORIA,RURAL_VICTORIA,GEELONG,SOUTH WESTERN REGION,B,B,Arterial Highway,Arterial Highway,Divided,Div,Country
73229,3474973.0,T20180021656,ABS to receive accident,Finished,14/11/2018,04.55.00,Yes,Collision with a fixed object,Tuesday,OFF RIGHT BEND INTO OBJECT/PARKED VEHICLE,No,Dark Street lights on,Yes,Not at intersection,Other injury accident,60 km/hr,Yes,340135.0,144.35843,-38.05899,Non-Intersection,GEELONG,SOUTH WESTERN REGION,2443693.665,2382286.775,1.0,1.0,0.0,0.0,1.0,0.0,1.0,0.0,0.0,0.0,1.0,0.0,0.0,0.0,0.0,0.0,0.0,0.0,0.0,0.0,No,0.0,1.0,0.0,1.0,0.0,0.0,LARGE_PROVINCIAL_CITIES,LARGE_PROVINCIAL_CITIES,GEELONG,SOUTH WESTERN REGION,C,C,Arterial Other,Arterial Other,Divided,Div,Country